timestamp,system_frame_index,slot_index,rnti,rnti_type,dci_format,k,mapping,time_start,time_length,frequency_start,frequency_length,nof_dmrs_cdm_groups,beta_dmrs,nof_layers,n_scid,tb_scaling_field,modulation,mcs_index,transport_block_size,code_rate,redundancy_version,new_data_indicator,nof_re,nof_bits,mcs_table,xoverhead,harq_id,downlink_assignment_index,tpc,pucch_resource,harq_feedback,bwp
1727547704.081116,751,7,20844,C-RNTI,0_1,2,A,0,14,60,3,1,1.000000,1,0,0,256QAM,26,3368,0.895020,0,1,468,3744,256qam,0,0,3,1,0,0,1
1727547704.086057,752,3,20844,C-RNTI,0_1,2,A,0,14,9,3,1,1.000000,1,0,0,256QAM,26,3368,0.895020,0,1,468,3744,256qam,0,0,3,1,0,0,1
1727547704.098326,753,6,20844,C-RNTI,1_1,0,A,3,11,0,16,1,1.000000,2,0,0,QPSK,0,928,0.117188,0,0,3840,7680,256qam,0,1,0,1,0,0,1
1727547704.098430,753,5,20844,C-RNTI,0_1,2,A,0,14,26,3,1,1.000000,1,0,0,256QAM,24,3104,0.821289,0,1,468,3744,256qam,0,1,3,1,0,0,1
1727547704.267888,770,4,20844,C-RNTI,0_1,4,A,0,14,3,2,1,1.000000,1,0,0,256QAM,20,1672,0.666504,0,1,312,2496,256qam,0,4,3,0,0,0,1
1727547704.281264,771,7,20844,C-RNTI,1_1,0,A,3,11,275,0,1,1.000000,2,0,0,BPSK,2,0,0.000000,0,0,0,0,256qam,0,1,0,1,0,0,1
1727547704.469378,790,5,24954,C-RNTI,1_1,0,A,3,11,16,48,1,1.000000,2,0,0,QPSK,0,2728,0.117188,0,0,11520,23040,256qam,0,0,0,1,0,0,1
1727547704.483841,792,0,24954,C-RNTI,0_1,2,A,0,14,31,1,1,1.000000,1,0,0,BPSK,28,0,0.000000,2,0,0,0,256qam,0,13,3,1,0,0,1
1727547704.506547,794,4,24954,C-RNTI,0_1,4,A,0,14,74,2,1,1.000000,1,0,0,QPSK,1,112,0.188477,0,1,312,624,256qam,0,0,3,1,0,0,1
1727547704.521042,795,8,24954,C-RNTI,0_1,2,A,0,14,29,8,1,1.000000,1,0,0,BPSK,28,0,0.000000,2,1,0,0,256qam,0,1,3,1,0,0,1
1727547704.529041,796,5,24954,C-RNTI,0_1,4,A,0,14,74,2,1,1.000000,1,0,0,QPSK,1,112,0.188477,0,1,312,624,256qam,0,2,3,1,0,0,1
1727547704.572596,800,9,24954,C-RNTI,0_1,2,A,0,14,46,2,1,1.000000,1,0,0,QPSK,2,184,0.300781,0,0,312,624,256qam,0,3,3,1,0,0,1
1727547704.591114,802,7,24954,C-RNTI,0_1,2,A,0,14,45,2,1,1.000000,1,0,0,QPSK,2,184,0.300781,0,0,312,624,256qam,0,4,3,1,0,0,1
1727547704.597904,803,5,24954,C-RNTI,1_1,0,A,3,11,275,0,1,1.000000,2,0,0,BPSK,0,0,0.000000,0,1,0,0,256qam,0,5,0,1,0,0,1
1727547704.597904,803,5,24954,C-RNTI,0_1,4,A,0,14,74,2,1,1.000000,1,0,0,16QAM,5,456,0.369141,0,1,312,1248,256qam,0,6,3,0,0,0,1
1727547704.615024,805,0,24954,C-RNTI,1_1,0,A,3,11,0,16,1,1.000000,2,0,0,QPSK,1,1480,0.188477,0,0,3840,7680,256qam,0,6,0,1,0,0,1
1727547704.701335,813,5,24954,C-RNTI,0_1,2,A,0,14,44,25,1,1.000000,1,0,0,QPSK,0,928,0.117188,0,0,3900,7800,256qam,0,10,3,1,0,0,1
1727547704.716602,814,9,24954,C-RNTI,1_1,0,A,3,11,275,0,1,1.000000,2,0,0,BPSK,5,0,0.000000,0,0,0,0,256qam,0,12,0,1,0,0,1
1727547704.720443,815,6,24954,C-RNTI,1_1,0,A,3,11,275,0,1,1.000000,2,0,0,BPSK,4,0,0.000000,0,1,0,0,256qam,0,14,0,1,0,0,1
1727547704.723639,816,0,20844,C-RNTI,1_1,0,A,3,11,275,0,1,1.000000,2,0,0,BPSK,0,0,0.000000,0,0,0,0,256qam,0,5,0,1,0,0,1
1727547704.773636,821,0,24954,C-RNTI,1_1,0,A,3,11,32,16,1,1.000000,2,0,0,QPSK,3,3368,0.438477,0,0,3840,7680,256qam,0,4,0,1,0,0,1
1727547704.777471,821,2,24954,C-RNTI,0_1,4,A,0,14,74,2,1,1.000000,1,0,0,16QAM,5,456,0.369141,0,0,312,1248,256qam,0,2,3,1,0,0,1
1727547704.795049,823,1,24954,C-RNTI,0_1,2,A,0,14,25,12,1,1.000000,1,0,0,BPSK,28,0,0.000000,2,1,0,0,256qam,0,3,3,1,0,0,1
1727547704.800364,823,7,24954,C-RNTI,0_1,2,A,0,14,23,12,1,1.000000,1,0,0,QPSK,0,432,0.117188,0,1,1872,3744,256qam,0,4,3,1,0,0,1
1727547704.802616,823,9,24954,C-RNTI,0_1,2,A,0,14,37,20,1,1.000000,1,0,0,QPSK,0,736,0.117188,0,0,3120,6240,256qam,0,6,3,1,0,0,1
1727547704.808506,824,6,24954,C-RNTI,0_1,2,A,0,14,24,24,1,1.000000,1,0,0,QPSK,0,888,0.117188,0,0,3744,7488,256qam,0,13,3,1,0,0,1
1727547704.809703,824,7,24954,C-RNTI,0_1,2,A,0,14,52,24,1,1.000000,1,0,0,QPSK,0,888,0.117188,0,0,3744,7488,256qam,0,14,3,1,0,0,1
1727547704.812139,824,9,24954,C-RNTI,0_1,2,A,0,14,3,25,1,1.000000,1,0,0,QPSK,0,928,0.117188,0,1,3900,7800,256qam,0,0,3,1,0,0,1
1727547704.820470,825,4,24954,C-RNTI,0_1,4,A,0,14,74,2,1,1.000000,1,0,0,QPSK,3,272,0.438477,0,1,312,624,256qam,0,2,3,1,0,0,1
1727547704.827597,826,4,24954,C-RNTI,1_1,0,A,3,11,275,0,1,1.000000,2,0,0,BPSK,3,0,0.000000,0,1,0,0,256qam,0,6,0,1,0,0,1
1727547704.830085,826,7,24954,C-RNTI,1_1,0,A,3,11,32,32,1,1.000000,2,0,0,16QAM,6,13064,0.423828,0,0,7680,30720,256qam,0,7,0,1,0,0,1
1727547704.830339,826,8,24954,C-RNTI,1_1,0,A,3,11,275,0,1,1.000000,2,0,0,BPSK,5,0,0.000000,0,0,0,0,256qam,0,8,0,1,0,0,1
1727547704.861119,829,6,24954,C-RNTI,0_1,2,A,0,14,3,30,1,1.000000,1,0,0,QPSK,0,1128,0.117188,0,1,4680,9360,256qam,0,5,3,1,0,0,1
1727547704.870150,830,6,24954,C-RNTI,0_1,2,A,0,14,64,9,1,1.000000,1,0,0,QPSK,3,1224,0.438477,0,1,1404,2808,256qam,0,8,3,1,0,0,1
1727547704.875584,831,0,24954,C-RNTI,0_1,4,A,0,14,9,2,1,1.000000,1,0,0,16QAM,5,456,0.369141,0,0,312,1248,256qam,0,9,3,1,0,0,1
1727547704.886821,832,3,24954,C-RNTI,1_1,0,A,3,11,275,0,1,1.000000,2,0,0,BPSK,3,0,0.000000,0,1,0,0,256qam,0,11,0,1,0,0,1
1727547704.911799,834,9,24954,C-RNTI,0_1,2,A,0,14,54,2,1,1.000000,1,0,0,16QAM,5,456,0.369141,0,0,312,1248,256qam,0,10,3,1,0,0,1
1727547704.919390,835,5,24954,C-RNTI,0_1,2,A,0,14,7,25,1,1.000000,1,0,0,QPSK,1,1480,0.188477,0,1,3900,7800,256qam,0,11,3,1,0,0,1
1727547704.921588,835,7,24954,C-RNTI,0_1,2,A,0,14,21,2,1,1.000000,1,0,0,16QAM,5,456,0.369141,0,1,312,1248,256qam,0,13,3,1,0,0,1
1727547704.923396,836,1,24954,C-RNTI,0_1,2,A,0,14,58,2,1,1.000000,1,0,0,QPSK,4,368,0.587891,0,1,312,624,256qam,0,14,3,1,0,0,1
1727547704.933840,836,8,24954,C-RNTI,0_1,4,A,0,14,3,2,1,1.000000,1,0,0,QPSK,3,272,0.438477,0,1,312,624,256qam,0,15,3,1,0,0,1
1727547704.987626,842,3,24954,C-RNTI,1_1,0,A,3,11,275,0,1,1.000000,2,0,0,BPSK,0,0,0.000000,0,1,0,0,256qam,0,0,0,1,0,0,1
1727547704.988512,842,4,24954,C-RNTI,0_1,4,A,0,14,74,2,1,1.000000,1,0,0,QPSK,4,368,0.587891,0,1,312,624,256qam,0,3,3,1,0,0,1
1727547704.993097,842,9,24954,C-RNTI,1_1,0,A,3,11,275,0,1,1.000000,2,0,0,BPSK,2,0,0.000000,0,0,0,0,256qam,0,1,0,1,0,0,1
1727547704.994796,843,0,24954,C-RNTI,1_1,0,A,3,11,64,15,1,1.000000,2,0,0,QPSK,3,3240,0.438477,0,1,3600,7200,256qam,0,2,0,1,0,0,1
1727547705.013455,844,9,24954,C-RNTI,0_1,2,A,0,14,25,2,1,1.000000,1,0,0,16QAM,6,528,0.423828,0,1,312,1248,256qam,0,4,3,1,0,0,1
1727547705.363328,879,7,19596,C-RNTI,1_1,0,A,3,11,48,16,1,1.000000,2,0,0,QPSK,0,928,0.117188,0,1,3840,7680,256qam,0,15,0,0,2,0,1
1727547705.370532,880,4,19596,C-RNTI,1_1,0,A,3,11,32,16,1,1.000000,2,0,0,QPSK,0,928,0.117188,0,0,3840,7680,256qam,0,2,0,0,2,0,1
1727547705.427017,886,2,21996,C-RNTI,1_1,0,A,3,11,275,0,1,1.000000,2,0,0,BPSK,0,0,0.000000,0,0,0,0,256qam,0,14,0,0,2,0,1
1727547705.432230,886,3,21996,C-RNTI,1_1,0,A,3,11,275,0,1,1.000000,2,0,0,BPSK,0,0,0.000000,0,0,0,0,256qam,0,15,0,0,2,0,1
1727547705.439304,887,5,21996,C-RNTI,1_1,0,A,3,11,48,16,1,1.000000,2,0,0,QPSK,0,928,0.117188,0,1,3840,7680,256qam,0,2,0,0,2,0,1
1727547705.460848,889,4,21996,C-RNTI,1_1,0,A,3,11,275,0,1,1.000000,2,0,0,BPSK,30,0,0.000000,2,1,0,0,256qam,0,3,0,0,2,0,1
1727547705.470857,890,8,21996,C-RNTI,1_1,0,A,3,11,0,32,1,1.000000,2,0,0,BPSK,31,0,0.000000,1,1,0,0,256qam,0,3,0,0,2,0,1
1727547705.519980,895,4,21996,C-RNTI,1_1,0,A,3,11,0,79,1,1.000000,2,0,0,256QAM,23,118896,0.778320,0,1,18960,151680,256qam,0,10,0,0,2,0,1
1727547705.526928,896,1,21996,C-RNTI,1_1,0,A,3,11,0,79,1,1.000000,2,0,0,BPSK,31,0,0.000000,2,1,0,0,256qam,0,10,0,0,2,0,1
1727547705.570770,900,4,21996,C-RNTI,1_1,0,A,3,11,275,0,1,1.000000,2,0,0,BPSK,0,0,0.000000,0,0,0,0,256qam,0,1,0,0,2,0,1
1727547705.571126,900,7,21996,C-RNTI,1_1,0,A,3,11,275,0,2,1.412538,2,0,0,BPSK,2,0,0.000000,0,0,0,0,256qam,0,3,0,0,2,0,1
1727547705.584289,901,4,21996,C-RNTI,1_1,0,A,3,11,16,32,1,1.000000,2,0,0,64QAM,12,23040,0.504883,0,0,7680,46080,256qam,0,4,0,0,2,0,1
1727547705.998980,943,2,20844,C-RNTI,0_1,4,A,0,14,74,2,1,1.000000,1,0,0,16QAM,5,456,0.369141,0,1,312,1248,256qam,0,12,3,1,0,0,1
1727547706.154623,959,2,20844,C-RNTI,1_1,0,A,3,11,32,16,1,1.000000,2,0,0,QPSK,1,1480,0.188477,0,0,3840,7680,256qam,0,7,0,1,0,0,1
1727547706.176775,961,2,20844,C-RNTI,1_1,0,A,3,11,275,0,1,1.000000,2,0,0,BPSK,0,0,0.000000,0,0,0,0,256qam,0,8,0,1,0,0,1
1727547706.240793,967,3,19596,C-RNTI,1_1,0,A,3,11,48,16,1,1.000000,2,0,0,QPSK,0,928,0.117188,0,0,3840,7680,256qam,0,6,0,0,2,0,1
1727547706.247593,968,0,21996,C-RNTI,1_1,0,A,3,11,48,16,1,1.000000,2,0,0,QPSK,0,928,0.117188,0,0,3840,7680,256qam,0,2,0,0,2,0,1
1727547706.397564,982,8,19596,C-RNTI,1_1,0,A,3,11,275,0,1,1.000000,2,0,0,BPSK,0,0,0.000000,0,0,0,0,256qam,0,7,0,0,2,0,1
1727547706.399852,983,1,19596,C-RNTI,1_1,0,A,3,11,275,0,1,1.000000,2,0,0,BPSK,0,0,0.000000,0,0,0,0,256qam,0,6,0,0,2,0,1
1727547706.552950,998,3,19596,C-RNTI,1_1,0,A,3,11,16,16,1,1.000000,2,0,0,QPSK,0,928,0.117188,0,0,3840,7680,256qam,0,7,0,0,2,0,1
1727547706.553951,998,2,19596,C-RNTI,1_1,0,A,3,11,275,0,1,1.000000,2,0,0,BPSK,0,0,0.000000,0,0,0,0,256qam,0,8,0,0,2,0,1
1727547706.563191,999,3,24954,C-RNTI,0_1,4,A,0,14,74,2,1,1.000000,1,0,0,QPSK,2,184,0.300781,0,1,312,624,256qam,0,9,3,1,0,0,1
1727547706.712944,1014,4,19596,C-RNTI,1_1,0,A,3,11,48,16,1,1.000000,2,0,0,QPSK,0,928,0.117188,0,0,3840,7680,256qam,0,8,0,0,2,0,1
1727547706.875117,6,3,19596,C-RNTI,1_1,0,A,3,11,275,0,1,1.000000,2,0,0,BPSK,0,0,0.000000,0,0,0,0,256qam,0,8,0,0,2,0,1
1727547706.996119,18,9,24954,C-RNTI,0_1,2,A,0,14,32,2,1,1.000000,1,0,0,16QAM,5,456,0.369141,0,0,312,1248,256qam,0,11,3,1,0,0,1
1727547707.013255,20,4,24954,C-RNTI,1_1,0,A,3,11,275,0,1,1.000000,2,0,0,BPSK,0,0,0.000000,0,1,0,0,256qam,0,5,0,1,0,0,1
1727547707.115986,31,2,20844,C-RNTI,0_1,4,A,0,14,72,2,1,1.000000,1,0,0,16QAM,5,456,0.369141,0,0,312,1248,256qam,0,2,3,1,0,0,1
1727547707.344728,54,0,21996,C-RNTI,1_1,0,A,3,11,16,16,1,1.000000,2,0,0,QPSK,0,928,0.117188,0,0,3840,7680,256qam,0,6,0,0,2,0,1
1727547707.839461,103,3,24954,C-RNTI,0_1,4,A,0,14,3,2,1,1.000000,1,0,0,QPSK,4,368,0.587891,0,0,312,624,256qam,0,15,3,1,0,0,1
1727547708.259201,144,5,24520,C-RNTI,1_1,0,A,3,11,275,0,1,1.000000,2,0,0,BPSK,1,0,0.000000,0,1,0,0,256qam,0,7,0,0,2,2,1
1727547708.405213,159,4,24520,C-RNTI,1_1,0,A,3,11,275,0,1,1.000000,2,0,0,BPSK,4,0,0.000000,0,1,0,0,256qam,0,0,0,0,2,2,1
1727547708.434149,162,7,24520,C-RNTI,1_1,0,A,3,11,0,16,2,1.412538,2,0,0,BPSK,30,0,0.000000,3,0,0,0,256qam,0,1,0,0,2,2,1
1727547708.465604,165,8,24520,C-RNTI,1_1,0,A,3,11,16,16,1,1.000000,2,0,0,16QAM,6,6528,0.423828,0,1,3840,15360,256qam,0,8,0,0,2,2,1
1727547708.514237,169,4,24520,C-RNTI,1_1,0,A,3,11,275,0,2,1.412538,2,0,0,BPSK,0,0,0.000000,0,0,0,0,256qam,0,2,0,0,2,2,1
1727547708.564346,175,3,24520,C-RNTI,1_1,0,A,3,11,16,16,2,1.412538,2,0,0,BPSK,29,0,0.000000,2,0,0,0,256qam,0,13,0,0,2,2,1
1727547708.573129,176,1,24520,C-RNTI,1_1,0,A,3,11,32,32,2,1.412538,2,0,0,BPSK,29,0,0.000000,3,0,0,0,256qam,0,13,0,0,2,2,1
1727547708.621879,181,1,24520,C-RNTI,1_1,0,A,3,11,275,0,1,1.000000,2,0,0,BPSK,11,0,0.000000,0,0,0,0,256qam,0,3,0,0,2,2,1
1727547708.640896,183,4,24520,C-RNTI,1_1,0,A,3,11,16,16,2,1.412538,2,0,0,BPSK,30,0,0.000000,1,0,0,0,256qam,0,3,0,0,2,2,1
1727547708.659176,185,1,24520,C-RNTI,1_1,0,A,3,11,275,0,1,1.000000,2,0,0,BPSK,30,0,0.000000,2,0,0,0,256qam,0,3,0,0,2,2,1
1727547708.669062,186,0,24520,C-RNTI,1_1,0,A,3,11,32,16,2,1.412538,2,0,0,64QAM,13,11528,0.553711,0,1,3456,20736,256qam,0,3,0,0,2,2,1
1727547708.702631,189,0,24520,C-RNTI,1_1,0,A,3,11,0,16,2,1.412538,2,0,0,16QAM,5,5120,0.369141,0,1,3456,13824,256qam,0,15,0,0,2,2,1
1727547708.704274,189,3,24520,C-RNTI,1_1,0,A,3,11,275,0,1,1.000000,2,0,0,BPSK,30,0,0.000000,0,1,0,0,256qam,0,3,0,0,2,2,1
1727547708.712309,190,6,24520,C-RNTI,1_1,0,A,3,11,275,0,2,1.412538,2,0,0,BPSK,4,0,0.000000,0,0,0,0,256qam,0,10,0,0,2,2,1
1727547708.716928,191,0,24520,C-RNTI,1_1,0,A,3,11,48,16,2,1.412538,2,0,0,QPSK,3,3104,0.438477,0,1,3456,6912,256qam,0,12,0,0,2,2,1
1727547708.719109,191,2,20844,C-RNTI,0_1,4,A,0,14,74,2,1,1.000000,1,0,0,16QAM,5,456,0.369141,0,0,312,1248,256qam,0,9,3,1,0,0,1
1727547708.720521,191,8,24520,C-RNTI,1_1,0,A,3,11,0,16,2,1.412538,2,0,0,BPSK,30,0,0.000000,2,1,0,0,256qam,0,12,0,0,2,2,1
1727547708.727774,192,2,24520,C-RNTI,1_1,0,A,3,11,275,0,2,1.412538,2,0,0,BPSK,30,0,0.000000,3,0,0,0,256qam,0,10,0,0,2,2,1
1727547708.754129,194,5,24520,C-RNTI,1_1,0,A,3,11,16,32,1,1.000000,2,0,0,BPSK,28,0,0.000000,2,0,0,0,256qam,0,2,0,0,2,2,1
1727547708.795024,198,2,24520,C-RNTI,1_1,0,A,3,11,275,0,1,1.000000,2,0,0,BPSK,0,0,0.000000,0,1,0,0,256qam,0,5,0,0,2,2,1
1727547708.823020,201,4,24520,C-RNTI,1_1,0,A,3,11,0,16,1,1.000000,2,0,0,QPSK,0,928,0.117188,0,0,3840,7680,256qam,0,12,0,0,2,2,1
1727547708.843535,202,6,24520,C-RNTI,1_1,0,A,3,11,48,16,1,1.000000,2,0,0,QPSK,1,1480,0.188477,0,0,3840,7680,256qam,0,13,0,0,2,2,1
1727547708.858362,204,8,24520,C-RNTI,1_1,0,A,3,11,16,16,1,1.000000,2,0,0,QPSK,0,928,0.117188,0,1,3840,7680,256qam,0,7,0,0,2,2,1
1727547708.860998,205,4,24520,C-RNTI,1_1,0,A,3,11,0,79,1,1.000000,2,0,0,QPSK,0,4488,0.117188,0,0,18960,37920,256qam,0,2,0,0,2,2,1
1727547708.899189,208,7,24520,C-RNTI,1_1,0,A,3,11,0,79,1,1.000000,2,0,0,QPSK,2,11272,0.300781,0,0,18960,37920,256qam,0,13,0,0,2,2,1
1727547708.915952,210,5,24520,C-RNTI,1_1,0,A,3,11,0,79,1,1.000000,2,0,0,BPSK,28,0,0.000000,2,1,0,0,256qam,0,1,0,0,2,2,1
1727547708.927385,211,9,24520,C-RNTI,1_1,0,A,3,11,275,0,1,1.000000,2,0,0,BPSK,2,0,0.000000,0,1,0,0,256qam,0,11,0,0,2,2,1
1727547708.971862,216,4,24520,C-RNTI,1_1,0,A,3,11,0,16,1,1.000000,2,0,0,QPSK,2,2408,0.300781,0,1,3840,7680,256qam,0,12,0,0,2,2,1
1727547708.997979,219,0,24520,C-RNTI,1_1,0,A,3,11,32,32,1,1.000000,2,0,0,QPSK,2,4608,0.300781,0,0,7680,15360,256qam,0,8,0,0,2,2,1
1727547709.032963,222,1,24520,C-RNTI,1_1,0,A,3,11,48,16,1,1.000000,2,0,0,BPSK,28,0,0.000000,2,1,0,0,256qam,0,10,0,0,2,2,1
1727547709.046107,223,4,24520,C-RNTI,1_1,0,A,3,11,0,48,1,1.000000,2,0,0,QPSK,1,4360,0.188477,0,0,11520,23040,256qam,0,13,0,0,2,2,1
1727547709.050399,223,6,24520,C-RNTI,1_1,0,A,3,11,48,16,1,1.000000,2,0,0,QPSK,1,1480,0.188477,0,0,3840,7680,256qam,0,15,0,0,2,2,1
1727547709.063493,225,1,24520,C-RNTI,1_1,0,A,3,11,0,79,1,1.000000,2,0,0,QPSK,1,7176,0.188477,0,1,18960,37920,256qam,0,8,0,0,2,2,1
1727547709.081709,227,1,24520,C-RNTI,1_1,0,A,3,11,0,79,1,1.000000,2,0,0,QPSK,0,4488,0.117188,0,1,18960,37920,256qam,0,7,0,0,2,2,1
1727547709.082277,226,9,24520,C-RNTI,1_1,0,A,3,11,16,63,1,1.000000,2,0,0,QPSK,0,3624,0.117188,0,0,15120,30240,256qam,0,5,0,0,2,2,1
1727547709.089328,228,1,24520,C-RNTI,1_1,0,A,3,11,0,79,1,1.000000,2,0,0,QPSK,0,4488,0.117188,0,1,18960,37920,256qam,0,1,0,0,2,4,1
1727547709.162612,234,5,24520,C-RNTI,1_1,0,A,3,11,16,32,1,1.000000,2,0,0,QPSK,2,4608,0.300781,0,1,7680,15360,256qam,0,11,0,0,2,2,1
1727547709.169067,236,1,24520,C-RNTI,1_1,0,A,3,11,0,79,1,1.000000,2,0,0,QPSK,2,11272,0.300781,0,0,18960,37920,256qam,0,15,0,0,2,2,1
1727547709.211485,240,1,24520,C-RNTI,1_1,0,A,3,11,0,79,1,1.000000,2,0,0,QPSK,2,11272,0.300781,0,0,18960,37920,256qam,0,9,0,0,2,2,1
1727547709.213202,240,4,24520,C-RNTI,1_1,0,A,3,11,0,79,1,1.000000,2,0,0,QPSK,0,4488,0.117188,0,1,18960,37920,256qam,0,12,0,0,2,2,1
1727547709.218517,240,7,24520,C-RNTI,1_1,0,A,3,11,0,79,1,1.000000,2,0,0,QPSK,0,4488,0.117188,0,1,18960,37920,256qam,0,15,0,0,2,2,1
1727547709.223842,241,5,24520,C-RNTI,1_1,0,A,3,11,0,79,1,1.000000,2,0,0,QPSK,0,4488,0.117188,0,1,18960,37920,256qam,0,7,0,0,2,2,1
1727547709.237229,242,6,24520,C-RNTI,1_1,0,A,3,11,0,31,1,1.000000,2,0,0,QPSK,0,1736,0.117188,0,0,7440,14880,256qam,0,13,0,0,2,2,1
1727547709.276464,246,6,24520,C-RNTI,1_1,0,A,3,11,0,63,1,1.000000,2,0,0,QPSK,0,3624,0.117188,0,1,15120,30240,256qam,0,13,0,0,2,2,1
1727547709.283401,247,3,24954,C-RNTI,0_1,4,A,0,14,74,2,1,1.000000,1,0,0,QPSK,3,272,0.438477,0,0,312,624,256qam,0,6,3,1,0,0,1
1727547709.283402,247,3,24520,C-RNTI,1_1,0,A,3,11,0,79,1,1.000000,2,0,0,QPSK,0,4488,0.117188,0,0,18960,37920,256qam,0,4,0,0,2,2,1
1727547709.289979,248,1,24520,C-RNTI,1_1,0,A,3,11,0,79,1,1.000000,2,0,0,QPSK,0,4488,0.117188,0,1,18960,37920,256qam,0,12,0,0,2,2,1
1727547709.290803,248,3,24520,C-RNTI,1_1,0,A,3,11,0,79,1,1.000000,2,0,0,QPSK,1,7176,0.188477,0,0,18960,37920,256qam,0,14,0,0,2,2,1
1727547709.336637,252,8,24520,C-RNTI,1_1,0,A,3,11,0,16,1,1.000000,2,0,0,QPSK,2,2408,0.300781,0,0,3840,7680,256qam,0,5,0,0,2,2,1
1727547709.395345,258,5,21996,C-RNTI,1_1,0,A,3,11,275,0,1,1.000000,2,0,0,BPSK,29,0,0.000000,2,0,0,0,256qam,0,9,0,0,2,0,1
1727547709.470020,266,5,21996,C-RNTI,1_1,0,A,3,11,275,0,1,1.000000,2,0,0,BPSK,3,0,0.000000,0,1,0,0,256qam,0,6,0,0,2,0,1
1727547709.588320,278,0,21996,C-RNTI,1_1,0,A,3,11,16,63,1,1.000000,2,0,0,BPSK,29,0,0.000000,2,1,0,0,256qam,0,2,0,0,2,0,1
1727547709.598046,279,3,24954,C-RNTI,0_1,4,A,0,14,74,2,1,1.000000,1,0,0,QPSK,3,272,0.438477,0,0,312,624,256qam,0,7,3,1,0,0,1
1727547709.616678,281,1,21996,C-RNTI,1_1,0,A,3,11,275,0,1,1.000000,2,0,0,BPSK,0,0,0.000000,0,0,0,0,256qam,0,8,0,0,2,4,1
1727547709.631858,282,6,21996,C-RNTI,1_1,0,A,3,11,0,16,1,1.000000,2,0,0,QPSK,0,928,0.117188,0,0,3840,7680,256qam,0,10,0,0,2,0,1
1727547709.640822,283,3,24520,C-RNTI,1_1,0,A,3,11,0,79,2,1.412538,2,0,0,QPSK,2,10248,0.300781,0,1,17064,34128,256qam,0,7,0,0,2,2,1
1727547709.649505,284,0,24520,C-RNTI,1_1,0,A,3,11,16,63,1,1.000000,2,0,0,QPSK,2,8968,0.300781,0,1,15120,30240,256qam,0,14,0,0,2,2,1
1727547709.697462,288,3,21170,C-RNTI,0_1,2,A,0,14,7,6,1,1.000000,1,0,0,QPSK,1,352,0.188477,0,1,936,1872,256qam,0,1,3,1,0,0,1
1727547709.702319,289,0,21170,C-RNTI,0_1,2,A,0,14,52,4,1,1.000000,1,0,0,QPSK,1,240,0.188477,0,1,624,1248,256qam,0,2,3,1,0,0,1
1727547709.709591,289,7,21170,C-RNTI,0_1,2,A,0,14,12,3,1,1.000000,1,0,0,BPSK,29,0,0.000000,2,1,0,0,256qam,0,3,3,1,0,0,1
1727547709.712155,290,2,21170,C-RNTI,0_1,2,A,0,14,40,4,1,1.000000,1,0,0,QPSK,1,240,0.188477,0,1,624,1248,256qam,0,2,3,1,0,0,1
1727547709.721633,290,8,21170,C-RNTI,0_1,2,A,0,14,60,4,1,1.000000,1,0,0,QPSK,1,240,0.188477,0,1,624,1248,256qam,0,2,3,1,0,0,1
1727547709.736817,292,7,21170,C-RNTI,0_1,2,A,0,14,10,5,1,1.000000,1,0,0,BPSK,29,0,0.000000,2,1,0,0,256qam,0,3,3,1,0,0,1
1727547709.796742,298,5,24520,C-RNTI,1_1,0,A,3,11,275,0,1,1.000000,2,0,0,BPSK,0,0,0.000000,0,0,0,0,256qam,0,2,0,0,2,2,1
1727547709.838014,303,1,21996,C-RNTI,1_1,0,A,3,11,275,0,1,1.000000,2,0,0,BPSK,5,0,0.000000,0,1,0,0,256qam,0,0,0,0,2,0,1
1727547709.864970,305,0,21170,C-RNTI,1_1,0,A,3,11,275,0,1,1.000000,2,0,0,BPSK,0,0,0.000000,0,0,0,0,256qam,0,12,0,0,2,2,1
1727547709.874830,305,9,21170,C-RNTI,1_1,0,A,3,11,32,16,1,1.000000,2,0,0,QPSK,3,3368,0.438477,0,0,3840,7680,256qam,0,13,0,0,2,2,1
1727547709.938707,312,5,21170,C-RNTI,1_1,0,A,3,11,275,0,1,1.000000,2,0,0,BPSK,0,0,0.000000,0,1,0,0,256qam,0,1,0,0,2,2,1
1727547710.065561,325,3,21170,C-RNTI,1_1,0,A,3,11,275,0,1,1.000000,2,0,0,BPSK,3,0,0.000000,0,1,0,0,256qam,0,8,0,0,2,2,1
1727547710.105512,328,9,21170,C-RNTI,1_1,0,A,3,11,16,16,1,1.000000,2,0,0,QPSK,3,3368,0.438477,0,1,3840,7680,256qam,0,10,0,0,2,2,1
1727547710.107830,329,6,21170,C-RNTI,1_1,0,A,3,11,48,16,1,1.000000,2,0,0,BPSK,29,0,0.000000,2,1,0,0,256qam,0,10,0,0,2,2,1
1727547710.121737,330,7,21170,C-RNTI,1_1,0,A,3,11,275,0,1,1.000000,2,0,0,BPSK,5,0,0.000000,0,1,0,0,256qam,0,12,0,0,2,4,1
1727547710.170347,336,0,26040,C-RNTI,1_1,0,A,3,11,275,0,1,1.000000,2,0,0,BPSK,0,0,0.000000,0,1,0,0,256qam,0,11,0,0,2,0,1
1727547710.204263,339,2,21170,C-RNTI,1_1,0,A,3,11,0,16,1,1.000000,2,0,0,QPSK,0,928,0.117188,0,1,3840,7680,256qam,0,4,0,0,2,2,1
1727547710.243807,343,4,21170,C-RNTI,1_1,0,A,3,11,275,0,1,1.000000,2,0,0,BPSK,0,0,0.000000,0,1,0,0,256qam,0,9,0,0,2,2,1
1727547710.287170,347,6,24520,C-RNTI,1_1,0,A,3,11,0,79,1,1.000000,2,0,0,QPSK,0,4488,0.117188,0,0,18960,37920,256qam,0,7,0,0,2,2,1
1727547710.288053,347,8,24520,C-RNTI,1_1,0,A,3,11,0,79,1,1.000000,2,0,0,QPSK,0,4488,0.117188,0,0,18960,37920,256qam,0,9,0,0,2,2,1
1727547710.298349,348,7,24520,C-RNTI,1_1,0,A,3,11,0,79,1,1.000000,2,0,0,QPSK,2,11272,0.300781,0,1,18960,37920,256qam,0,2,0,0,2,4,1
1727547710.299826,348,3,24520,C-RNTI,1_1,0,A,3,11,0,79,1,1.000000,2,0,0,QPSK,2,11272,0.300781,0,1,18960,37920,256qam,0,14,0,0,2,2,1
1727547710.357691,353,4,24520,C-RNTI,1_1,0,A,3,11,275,0,1,1.000000,2,0,0,BPSK,2,0,0.000000,0,1,0,0,256qam,0,6,0,0,2,2,1
1727547710.398204,358,7,21170,C-RNTI,1_1,0,A,3,11,16,48,2,1.412538,2,0,0,QPSK,4,12296,0.587891,0,0,10368,20736,256qam,0,9,0,0,2,2,1
1727547710.786572,397,5,21280,C-RNTI,1_1,0,A,3,11,275,0,1,1.000000,2,0,0,BPSK,0,0,0.000000,0,0,0,0,256qam,0,8,0,0,2,2,1
1727547710.791700,398,1,21280,C-RNTI,1_1,0,A,3,11,16,16,1,1.000000,2,0,0,QPSK,0,928,0.117188,0,1,3840,7680,256qam,0,9,0,0,2,2,1
1727547710.847976,403,9,21280,C-RNTI,1_1,0,A,3,11,275,0,1,1.000000,2,0,0,BPSK,0,0,0.000000,0,1,0,0,256qam,0,11,0,0,2,2,1
1727547711.009880,419,3,21170,C-RNTI,1_1,0,A,3,11,275,0,1,1.000000,2,0,0,BPSK,0,0,0.000000,0,1,0,0,256qam,0,10,0,0,2,2,1
1727547711.058294,424,0,24520,C-RNTI,1_1,0,A,3,11,16,32,1,1.000000,2,0,0,QPSK,2,4608,0.300781,0,0,7680,15360,256qam,0,11,0,0,2,2,1
1727547711.061485,424,3,24954,C-RNTI,0_1,2,A,0,14,45,9,1,1.000000,1,0,0,QPSK,3,1224,0.438477,0,1,1404,2808,256qam,0,13,3,1,0,0,1
1727547711.061738,424,1,24520,C-RNTI,1_1,0,A,3,11,0,79,1,1.000000,2,0,0,QPSK,2,11272,0.300781,0,1,18960,37920,256qam,0,12,0,0,2,2,1
1727547711.150024,433,2,24520,C-RNTI,1_1,0,A,3,11,275,0,1,1.000000,2,0,0,BPSK,0,0,0.000000,0,0,0,0,256qam,0,13,0,0,2,2,1
1727547711.206368,440,0,21996,C-RNTI,1_1,0,A,3,11,48,16,1,1.000000,2,0,0,QPSK,0,928,0.117188,0,1,3840,7680,256qam,0,9,0,0,2,0,1
1727547711.221269,441,1,24520,C-RNTI,1_1,0,A,3,11,275,0,1,1.000000,2,0,0,BPSK,29,0,0.000000,2,0,0,0,256qam,0,1,0,0,2,2,1
1727547711.449904,463,2,26040,C-RNTI,1_1,0,A,3,11,16,16,1,1.000000,2,0,0,QPSK,1,1480,0.188477,0,1,3840,7680,256qam,0,13,0,0,2,0,1
1727547711.561206,474,5,21170,C-RNTI,1_1,0,A,3,11,32,16,1,1.000000,2,0,0,QPSK,0,928,0.117188,0,0,3840,7680,256qam,0,7,0,0,2,2,1
1727547711.714857,489,9,21170,C-RNTI,1_1,0,A,3,11,48,16,1,1.000000,2,0,0,QPSK,0,928,0.117188,0,0,3840,7680,256qam,0,15,0,0,2,2,1
1727547711.894614,508,1,24520,C-RNTI,1_1,0,A,3,11,0,63,1,1.000000,2,0,0,QPSK,0,3624,0.117188,0,1,15120,30240,256qam,0,1,0,0,2,2,1
1727547711.895630,508,0,24520,C-RNTI,1_1,0,A,3,11,16,63,1,1.000000,2,0,0,QPSK,0,3624,0.117188,0,0,15120,30240,256qam,0,0,0,0,2,2,1
1727547711.901586,509,1,24520,C-RNTI,1_1,0,A,3,11,0,79,1,1.000000,2,0,0,QPSK,0,4488,0.117188,0,1,18960,37920,256qam,0,10,0,0,2,2,1
1727547711.906276,509,8,24520,C-RNTI,1_1,0,A,3,11,0,79,2,1.412538,2,0,0,QPSK,0,3976,0.117188,0,0,17064,34128,256qam,0,1,0,0,2,2,1
1727547711.910408,510,1,24520,C-RNTI,1_1,0,A,3,11,0,79,1,1.000000,2,0,0,QPSK,0,4488,0.117188,0,0,18960,37920,256qam,0,3,0,0,2,2,1
1727547711.911033,510,2,24520,C-RNTI,1_1,0,A,3,11,0,79,1,1.000000,2,0,0,QPSK,0,4488,0.117188,0,0,18960,37920,256qam,0,4,0,0,2,2,1
1727547711.917018,510,3,24520,C-RNTI,1_1,0,A,3,11,0,79,1,1.000000,2,0,0,QPSK,0,4488,0.117188,0,0,18960,37920,256qam,0,5,0,0,2,2,1
1727547711.928229,511,0,24520,C-RNTI,1_1,0,A,3,11,0,79,1,1.000000,2,0,0,QPSK,2,11272,0.300781,0,1,18960,37920,256qam,0,11,0,0,2,2,1
1727547711.941612,513,1,24520,C-RNTI,1_1,0,A,3,11,0,63,1,1.000000,2,0,0,QPSK,4,17928,0.587891,0,0,15120,30240,256qam,0,0,0,0,2,2,1
1727547711.945212,513,0,24520,C-RNTI,1_1,0,A,3,11,0,63,1,1.000000,2,0,0,QPSK,4,17928,0.587891,0,0,15120,30240,256qam,0,15,0,0,2,4,1
1727547711.962757,515,6,24520,C-RNTI,1_1,0,A,3,11,0,79,1,1.000000,2,0,0,16QAM,5,28168,0.369141,0,1,18960,75840,256qam,0,3,0,0,2,2,1
1727547711.963641,515,5,24520,C-RNTI,1_1,0,A,3,11,64,15,1,1.000000,2,0,0,16QAM,5,5248,0.369141,0,1,3600,14400,256qam,0,2,1,1,2,2,1
1727547711.967367,516,2,24520,C-RNTI,1_1,0,A,3,11,16,63,1,1.000000,2,0,0,BPSK,29,0,0.000000,2,0,0,0,256qam,0,1,0,0,2,2,1
1727547711.972046,516,1,24520,C-RNTI,1_1,0,A,3,11,0,79,1,1.000000,2,0,0,16QAM,5,28168,0.369141,0,1,18960,75840,256qam,0,8,0,0,2,2,1
1727547711.973205,516,4,24520,C-RNTI,1_1,0,A,3,11,0,79,1,1.000000,2,0,0,16QAM,5,28168,0.369141,0,1,18960,75840,256qam,0,9,0,0,2,2,1
1727547711.974628,516,7,24520,C-RNTI,1_1,0,A,3,11,16,63,1,1.000000,2,0,0,16QAM,5,22536,0.369141,0,0,15120,60480,256qam,0,12,0,0,2,4,1
1727547711.978967,517,3,24520,C-RNTI,1_1,0,A,3,11,64,15,2,1.412538,2,0,0,16QAM,6,5504,0.423828,0,0,3240,12960,256qam,0,2,0,0,2,2,1
1727547711.979079,517,4,24520,C-RNTI,1_1,0,A,3,11,48,16,1,1.000000,2,0,0,BPSK,29,0,0.000000,2,0,0,0,256qam,0,12,1,1,2,2,1
1727547711.987300,517,9,24520,C-RNTI,1_1,0,A,3,11,0,79,1,1.000000,2,0,0,16QAM,5,28168,0.369141,0,1,18960,75840,256qam,0,6,0,0,2,2,1
1727547711.988677,517,2,24520,C-RNTI,1_1,0,A,3,11,0,63,1,1.000000,2,0,0,16QAM,5,22536,0.369141,0,0,15120,60480,256qam,0,0,0,0,2,4,1
1727547711.993828,518,8,24520,C-RNTI,1_1,0,A,3,11,0,79,1,1.000000,2,0,0,BPSK,29,0,0.000000,2,0,0,0,256qam,0,8,0,0,2,2,1
1727547711.995430,518,6,24520,C-RNTI,1_1,0,A,3,11,0,48,1,1.000000,2,0,0,BPSK,29,0,0.000000,2,1,0,0,256qam,0,6,0,0,2,2,1
1727547711.998959,519,1,24520,C-RNTI,1_1,0,A,3,11,0,79,1,1.000000,2,0,0,16QAM,7,35856,0.478516,0,1,18960,75840,256qam,0,0,0,0,2,2,1
1727547712.009562,520,0,24520,C-RNTI,1_1,0,A,3,11,16,63,1,1.000000,2,0,0,BPSK,29,0,0.000000,2,1,0,0,256qam,0,2,0,0,2,2,1
1727547712.034878,521,7,21170,C-RNTI,1_1,0,A,3,11,0,79,1,1.000000,2,0,0,QPSK,3,16392,0.438477,0,0,18960,37920,256qam,0,2,0,0,2,2,1
1727547712.043875,522,2,21170,C-RNTI,1_1,0,A,3,11,16,32,1,1.000000,2,0,0,QPSK,2,4608,0.300781,0,0,7680,15360,256qam,0,0,0,0,2,2,1
1727547712.259669,544,7,24520,C-RNTI,1_1,0,A,3,11,0,79,1,1.000000,2,0,0,QPSK,0,4488,0.117188,0,1,18960,37920,256qam,0,3,0,0,2,2,1
1727547712.264447,545,0,24520,C-RNTI,1_1,0,A,3,11,0,63,1,1.000000,2,0,0,QPSK,0,3624,0.117188,0,1,15120,30240,256qam,0,6,1,1,2,2,1
1727547712.265762,545,2,26040,C-RNTI,1_1,0,A,3,11,48,16,1,1.000000,2,0,0,QPSK,0,928,0.117188,0,1,3840,7680,256qam,0,15,0,0,2,0,1
1727547712.265763,545,2,24520,C-RNTI,1_1,0,A,3,11,0,63,1,1.000000,2,0,0,QPSK,1,5640,0.188477,0,0,15120,30240,256qam,0,8,0,0,2,2,1
1727547712.318775,550,5,24520,C-RNTI,1_1,0,A,3,11,0,79,1,1.000000,2,0,0,QPSK,2,11272,0.300781,0,1,18960,37920,256qam,0,15,0,0,2,2,1
1727547712.325080,551,4,24520,C-RNTI,1_1,0,A,3,11,0,79,1,1.000000,2,0,0,16QAM,5,28168,0.369141,0,1,18960,75840,256qam,0,8,0,0,2,2,1
1727547712.328939,551,2,24520,C-RNTI,1_1,0,A,3,11,0,79,1,1.000000,2,0,0,16QAM,5,28168,0.369141,0,0,18960,75840,256qam,0,6,0,0,2,2,1
1727547712.333654,552,0,24520,C-RNTI,1_1,0,A,3,11,16,63,1,1.000000,2,0,0,16QAM,6,25608,0.423828,0,1,15120,60480,256qam,0,14,0,0,2,2,1
1727547712.338883,552,9,24520,C-RNTI,1_1,0,A,3,11,0,79,1,1.000000,2,0,0,16QAM,5,28168,0.369141,0,1,18960,75840,256qam,0,5,0,0,2,2,1
1727547712.339675,552,5,24520,C-RNTI,1_1,0,A,3,11,0,79,1,1.000000,2,0,0,16QAM,6,32264,0.423828,0,1,18960,75840,256qam,0,3,0,0,2,2,1
1727547712.340160,553,3,24520,C-RNTI,1_1,0,A,3,11,0,79,1,1.000000,2,0,0,BPSK,29,0,0.000000,2,1,0,0,256qam,0,4,0,0,2,2,1
1727547712.361380,554,6,24520,C-RNTI,1_1,0,A,3,11,0,79,2,1.412538,2,0,0,BPSK,29,0,0.000000,2,1,0,0,256qam,0,5,0,0,2,2,1
1727547712.364856,555,1,21170,C-RNTI,1_1,0,A,3,11,16,16,1,1.000000,2,0,0,QPSK,0,928,0.117188,0,0,3840,7680,256qam,0,7,0,0,2,2,1
1727547712.379001,556,3,24520,C-RNTI,1_1,0,A,3,11,0,79,1,1.000000,2,0,0,QPSK,1,7176,0.188477,0,1,18960,37920,256qam,0,10,0,0,2,2,1
1727547712.386772,557,9,24520,C-RNTI,1_1,0,A,3,11,0,79,2,1.412538,2,0,0,QPSK,2,10248,0.300781,0,1,17064,34128,256qam,0,9,0,0,2,2,1
1727547712.387926,557,4,24520,C-RNTI,1_1,0,A,3,11,0,79,1,1.000000,2,0,0,QPSK,2,11272,0.300781,0,1,18960,37920,256qam,0,5,0,0,2,2,1
1727547712.391394,558,0,24520,C-RNTI,1_1,0,A,3,11,16,63,1,1.000000,2,0,0,QPSK,2,8968,0.300781,0,0,15120,30240,256qam,0,10,1,1,2,2,1
1727547712.396636,558,5,21170,C-RNTI,1_1,0,A,3,11,275,0,1,1.000000,2,0,0,BPSK,0,0,0.000000,0,1,0,0,256qam,0,1,0,0,2,2,1
1727547712.400053,558,6,24520,C-RNTI,1_1,0,A,3,11,0,79,1,1.000000,2,0,0,QPSK,0,4488,0.117188,0,0,18960,37920,256qam,0,0,0,0,2,2,1
1727547712.404443,558,8,24520,C-RNTI,1_1,0,A,3,11,0,79,1,1.000000,2,0,0,QPSK,0,4488,0.117188,0,0,18960,37920,256qam,0,2,0,0,2,2,1
1727547712.406723,559,6,24520,C-RNTI,1_1,0,A,3,11,0,31,1,1.000000,2,0,0,QPSK,0,1736,0.117188,0,1,7440,14880,256qam,0,10,0,0,2,4,1
1727547712.408205,559,1,24520,C-RNTI,1_1,0,A,3,11,64,15,1,1.000000,2,0,0,QPSK,0,848,0.117188,0,0,3600,7200,256qam,0,5,0,0,2,4,1
1727547712.413540,560,0,21170,C-RNTI,1_1,0,A,3,11,32,16,1,1.000000,2,0,0,QPSK,0,928,0.117188,0,1,3840,7680,256qam,0,4,0,0,2,2,1
1727547712.414568,560,4,24520,C-RNTI,1_1,0,A,3,11,0,79,1,1.000000,2,0,0,QPSK,0,4488,0.117188,0,1,18960,37920,256qam,0,2,0,0,2,2,1
1727547712.419212,560,8,24520,C-RNTI,1_1,0,A,3,11,0,79,1,1.000000,2,0,0,QPSK,2,11272,0.300781,0,1,18960,37920,256qam,0,6,0,0,2,2,1
1727547712.423254,561,3,24520,C-RNTI,1_1,0,A,3,11,0,79,1,1.000000,2,0,0,QPSK,2,11272,0.300781,0,1,18960,37920,256qam,0,11,0,0,2,2,1
1727547712.425871,561,2,24520,C-RNTI,1_1,0,A,3,11,0,79,1,1.000000,2,0,0,QPSK,2,11272,0.300781,0,0,18960,37920,256qam,0,10,0,0,2,2,1
1727547712.444458,563,2,24520,C-RNTI,1_1,0,A,3,11,0,79,1,1.000000,2,0,0,QPSK,2,11272,0.300781,0,0,18960,37920,256qam,0,8,0,0,2,2,1
1727547712.449286,563,5,24520,C-RNTI,1_1,0,A,3,11,64,15,1,1.000000,2,0,0,16QAM,8,7808,0.540039,0,0,3600,14400,256qam,0,11,0,0,2,4,1
1727547712.461907,564,5,24520,C-RNTI,1_1,0,A,3,11,0,79,1,1.000000,2,0,0,16QAM,7,35856,0.478516,0,0,18960,75840,256qam,0,4,0,0,2,2,1
1727547712.464097,565,7,24520,C-RNTI,1_1,0,A,3,11,0,79,1,1.000000,2,0,0,16QAM,9,46104,0.601562,0,0,18960,75840,256qam,0,15,0,0,2,2,1
1727547712.464747,566,1,24520,C-RNTI,1_1,0,A,3,11,0,79,1,1.000000,2,0,0,16QAM,8,40976,0.540039,0,0,18960,75840,256qam,0,3,0,0,2,2,1
1727547712.466519,565,3,24520,C-RNTI,1_1,0,A,3,11,0,79,1,1.000000,2,0,0,16QAM,9,46104,0.601562,0,1,18960,75840,256qam,0,11,0,0,2,2,1
1727547712.466734,566,2,24520,C-RNTI,1_1,0,A,3,11,0,64,1,1.000000,2,0,0,BPSK,29,0,0.000000,2,1,0,0,256qam,0,13,0,0,2,2,1
1727547712.467991,566,4,24520,C-RNTI,1_1,0,A,3,11,0,79,1,1.000000,2,0,0,16QAM,8,40976,0.540039,0,0,18960,75840,256qam,0,5,0,0,2,2,1
1727547712.482928,566,7,21170,C-RNTI,1_1,0,A,3,11,0,16,1,1.000000,2,0,0,QPSK,0,928,0.117188,0,1,3840,7680,256qam,0,0,0,0,2,2,1
1727547712.483136,566,5,24520,C-RNTI,1_1,0,A,3,11,48,31,1,1.000000,2,0,0,16QAM,7,14344,0.478516,0,1,7440,29760,256qam,0,6,0,0,2,2,1
1727547712.486233,566,6,24520,C-RNTI,1_1,0,A,3,11,0,64,1,1.000000,2,0,0,BPSK,29,0,0.000000,2,0,0,0,256qam,0,1,0,0,2,2,1
1727547712.494241,568,3,24520,C-RNTI,1_1,0,A,3,11,0,79,1,1.000000,2,0,0,16QAM,6,32264,0.423828,0,1,18960,75840,256qam,0,7,0,0,2,2,1
1727547712.501173,569,4,24520,C-RNTI,1_1,0,A,3,11,32,32,1,1.000000,2,0,0,BPSK,29,0,0.000000,3,1,0,0,256qam,0,4,0,0,2,2,1
1727547712.501298,568,6,24520,C-RNTI,1_1,0,A,3,11,48,31,1,1.000000,2,0,0,16QAM,7,14344,0.478516,0,1,7440,29760,256qam,0,10,0,0,2,2,1
1727547712.508781,569,5,24520,C-RNTI,1_1,0,A,3,11,0,79,1,1.000000,2,0,0,16QAM,7,35856,0.478516,0,1,18960,75840,256qam,0,1,0,0,2,2,1
1727547712.527852,572,2,24520,C-RNTI,1_1,0,A,3,11,275,0,1,1.000000,2,0,0,BPSK,29,0,0.000000,2,1,0,0,256qam,0,12,0,0,2,2,1
1727547712.529854,572,1,24520,C-RNTI,1_1,0,A,3,11,0,79,1,1.000000,2,0,0,BPSK,29,0,0.000000,3,0,0,0,256qam,0,9,0,0,2,4,1
1727547712.532700,572,0,24520,C-RNTI,1_1,0,A,3,11,16,63,1,1.000000,2,0,0,16QAM,6,25608,0.423828,0,0,15120,60480,256qam,0,1,0,0,2,2,1
1727547712.534429,572,7,24520,C-RNTI,1_1,0,A,3,11,0,79,1,1.000000,2,0,0,16QAM,5,28168,0.369141,0,0,18960,75840,256qam,0,6,0,0,2,2,1
1727547712.539182,572,9,24520,C-RNTI,1_1,0,A,3,11,32,47,1,1.000000,2,0,0,16QAM,5,16392,0.369141,0,1,11280,45120,256qam,0,8,0,0,2,2,1
1727547712.542601,573,4,24520,C-RNTI,1_1,0,A,3,11,0,79,1,1.000000,2,0,0,16QAM,5,28168,0.369141,0,0,18960,75840,256qam,0,6,0,0,2,2,1
1727547712.545836,573,2,24520,C-RNTI,1_1,0,A,3,11,16,48,1,1.000000,2,0,0,BPSK,29,0,0.000000,2,0,0,0,256qam,0,4,0,0,2,2,1
1727547712.546316,574,1,24520,C-RNTI,1_1,0,A,3,11,0,79,1,1.000000,2,0,0,BPSK,29,0,0.000000,2,0,0,0,256qam,0,6,0,0,2,2,1
1727547712.552166,574,4,24520,C-RNTI,1_1,0,A,3,11,0,79,1,1.000000,2,0,0,16QAM,5,28168,0.369141,0,1,18960,75840,256qam,0,4,0,0,2,2,1
1727547712.560681,574,7,24520,C-RNTI,1_1,0,A,3,11,48,31,1,1.000000,2,0,0,16QAM,7,14344,0.478516,0,0,7440,29760,256qam,0,8,0,0,2,2,1
1727547712.561844,575,4,24520,C-RNTI,1_1,0,A,3,11,0,79,1,1.000000,2,0,0,16QAM,6,32264,0.423828,0,1,18960,75840,256qam,0,13,0,0,2,2,1
1727547712.565897,574,5,24520,C-RNTI,1_1,0,A,3,11,16,63,1,1.000000,2,0,0,16QAM,6,25608,0.423828,0,1,15120,60480,256qam,0,5,0,0,2,2,1
1727547712.565898,574,5,21170,C-RNTI,1_1,0,A,3,11,275,0,1,1.000000,2,0,0,BPSK,0,0,0.000000,0,0,0,0,256qam,0,12,0,0,2,2,1
1727547712.568934,575,2,24520,C-RNTI,1_1,0,A,3,11,16,48,1,1.000000,2,0,0,BPSK,29,0,0.000000,2,1,0,0,256qam,0,5,0,0,2,2,1
1727547712.571509,576,0,24520,C-RNTI,1_1,0,A,3,11,16,47,1,1.000000,2,0,0,16QAM,6,18960,0.423828,0,1,11280,45120,256qam,0,12,0,0,2,2,1
1727547712.573335,576,1,24520,C-RNTI,1_1,0,A,3,11,0,63,1,1.000000,2,0,0,16QAM,6,25608,0.423828,0,0,15120,60480,256qam,0,3,0,0,2,2,1
1727547712.573336,576,1,21170,C-RNTI,1_1,0,A,3,11,32,16,1,1.000000,2,0,0,QPSK,0,928,0.117188,0,0,3840,7680,256qam,0,1,0,0,2,2,1
1727547712.582167,577,1,24520,C-RNTI,1_1,0,A,3,11,0,79,1,1.000000,2,0,0,QPSK,4,22032,0.587891,0,1,18960,37920,256qam,0,11,0,0,2,2,1
1727547712.591737,577,2,24520,C-RNTI,1_1,0,A,3,11,0,79,1,1.000000,2,0,0,QPSK,4,22032,0.587891,0,0,18960,37920,256qam,0,13,0,0,2,2,1
1727547712.603028,579,1,24520,C-RNTI,1_1,0,A,3,11,0,79,1,1.000000,2,0,0,QPSK,4,22032,0.587891,0,1,18960,37920,256qam,0,7,0,0,2,2,1
1727547712.604017,579,0,24520,C-RNTI,1_1,0,A,3,11,16,47,1,1.000000,2,0,0,QPSK,4,13320,0.587891,0,0,11280,22560,256qam,0,6,0,0,2,2,1
1727547712.620643,581,1,24520,C-RNTI,1_1,0,A,3,11,0,79,1,1.000000,2,0,0,16QAM,7,35856,0.478516,0,0,18960,75840,256qam,0,10,0,0,2,2,1
1727547712.626328,580,7,24520,C-RNTI,1_1,0,A,3,11,0,31,1,1.000000,2,0,0,16QAM,7,14344,0.478516,0,1,7440,29760,256qam,0,6,0,0,2,2,1
1727547712.627615,582,1,24520,C-RNTI,1_1,0,A,3,11,0,79,1,1.000000,2,0,0,16QAM,6,32264,0.423828,0,1,18960,75840,256qam,0,3,0,0,2,2,1
1727547712.642607,583,3,24954,C-RNTI,0_1,4,A,0,14,74,2,1,1.000000,1,0,0,16QAM,5,456,0.369141,0,0,312,1248,256qam,0,3,3,0,0,0,1
1727547712.642608,583,3,24520,C-RNTI,1_1,0,A,3,11,0,79,1,1.000000,2,0,0,16QAM,10,49176,0.642578,0,1,18960,75840,256qam,0,12,0,0,2,2,1
1727547712.643767,582,8,24520,C-RNTI,1_1,0,A,3,11,0,79,1,1.000000,2,0,0,16QAM,10,49176,0.642578,0,1,18960,75840,256qam,0,8,0,0,2,2,1
1727547712.654409,584,6,24520,C-RNTI,1_1,0,A,3,11,0,79,1,1.000000,2,0,0,BPSK,29,0,0.000000,2,1,0,0,256qam,0,1,0,0,2,2,1
1727547712.666289,585,4,24520,C-RNTI,1_1,0,A,3,11,0,79,1,1.000000,2,0,0,BPSK,29,0,0.000000,1,1,0,0,256qam,0,12,0,0,2,2,1
1727547712.670714,586,6,24520,C-RNTI,1_1,0,A,3,11,16,63,2,1.412538,2,0,0,BPSK,29,0,0.000000,0,1,0,0,256qam,0,12,0,0,2,2,1
1727547712.682101,587,6,24520,C-RNTI,1_1,0,A,3,11,0,79,1,1.000000,2,0,0,16QAM,7,35856,0.478516,0,0,18960,75840,256qam,0,6,0,0,2,2,1
1727547712.684679,587,7,24520,C-RNTI,1_1,0,A,3,11,0,79,1,1.000000,2,0,0,BPSK,29,0,0.000000,2,0,0,0,256qam,0,1,0,0,2,2,1
1727547712.686672,587,8,24520,C-RNTI,1_1,0,A,3,11,0,79,2,1.412538,2,0,0,16QAM,7,32776,0.478516,0,1,17064,68256,256qam,0,7,0,0,2,2,1
1727547712.687041,588,2,24520,C-RNTI,1_1,0,A,3,11,16,63,1,1.000000,2,0,0,16QAM,7,28680,0.478516,0,0,15120,60480,256qam,0,11,0,0,2,2,1
1727547712.694237,588,8,24520,C-RNTI,1_1,0,A,3,11,0,79,1,1.000000,2,0,0,BPSK,29,0,0.000000,1,1,0,0,256qam,0,12,0,0,2,2,1
1727547712.695367,588,7,24520,C-RNTI,1_1,0,A,3,11,0,79,1,1.000000,2,0,0,16QAM,7,35856,0.478516,0,1,18960,75840,256qam,0,1,0,0,2,2,1
1727547712.700568,589,1,24520,C-RNTI,1_1,0,A,3,11,0,79,1,1.000000,2,0,0,16QAM,7,35856,0.478516,0,0,18960,75840,256qam,0,5,0,0,2,2,1
1727547712.701131,589,2,24520,C-RNTI,1_1,0,A,3,11,0,79,1,1.000000,2,0,0,16QAM,7,35856,0.478516,0,1,18960,75840,256qam,0,6,0,0,2,2,1
1727547712.702414,589,5,24520,C-RNTI,1_1,0,A,3,11,0,79,1,1.000000,2,0,0,16QAM,7,35856,0.478516,0,0,18960,75840,256qam,0,9,0,0,2,2,1
1727547712.704963,590,0,24520,C-RNTI,1_1,0,A,3,11,16,63,1,1.000000,2,0,0,16QAM,7,28680,0.478516,0,0,15120,60480,256qam,0,14,0,0,2,2,1
1727547712.705984,589,4,24520,C-RNTI,1_1,0,A,3,11,0,79,1,1.000000,2,0,0,16QAM,7,35856,0.478516,0,1,18960,75840,256qam,0,1,0,0,2,2,1
1727547712.706686,590,1,24520,C-RNTI,1_1,0,A,3,11,0,79,1,1.000000,2,0,0,16QAM,6,32264,0.423828,0,1,18960,75840,256qam,0,15,0,0,2,2,1
1727547712.714586,590,6,24520,C-RNTI,1_1,0,A,3,11,0,64,1,1.000000,2,0,0,BPSK,29,0,0.000000,2,0,0,0,256qam,0,12,0,0,2,2,1
1727547712.719988,591,4,24520,C-RNTI,1_1,0,A,3,11,0,79,1,1.000000,2,0,0,16QAM,9,46104,0.601562,0,1,18960,75840,256qam,0,9,0,0,2,2,1
1727547712.724477,591,9,24520,C-RNTI,1_1,0,A,3,11,0,79,2,1.412538,2,0,0,BPSK,29,0,0.000000,2,1,0,0,256qam,0,8,0,0,2,2,1
1727547712.724934,591,0,24520,C-RNTI,1_1,0,A,3,11,48,31,1,1.000000,2,0,0,16QAM,9,17928,0.601562,0,0,7440,29760,256qam,0,6,0,0,2,2,1
1727547712.730542,592,4,24520,C-RNTI,1_1,0,A,3,11,16,47,1,1.000000,2,0,0,16QAM,8,24576,0.540039,0,1,11280,45120,256qam,0,2,0,0,2,2,1
1727547712.732564,592,5,24520,C-RNTI,1_1,0,A,3,11,0,79,1,1.000000,2,0,0,16QAM,9,46104,0.601562,0,0,18960,75840,256qam,0,3,0,0,2,2,1
1727547712.738492,593,1,24520,C-RNTI,1_1,0,A,3,11,64,15,1,1.000000,2,0,0,BPSK,29,0,0.000000,2,1,0,0,256qam,0,2,0,0,2,2,1
1727547712.742276,593,0,24520,C-RNTI,1_1,0,A,3,11,0,79,1,1.000000,2,0,0,16QAM,8,40976,0.540039,0,1,18960,75840,256qam,0,1,0,0,2,2,1
1727547712.743075,593,4,24520,C-RNTI,1_1,0,A,3,11,0,79,1,1.000000,2,0,0,16QAM,7,35856,0.478516,0,0,18960,75840,256qam,0,5,0,0,2,2,1
1727547712.757365,595,1,24520,C-RNTI,1_1,0,A,3,11,0,79,1,1.000000,2,0,0,16QAM,7,35856,0.478516,0,1,18960,75840,256qam,0,5,0,0,2,2,1
1727547712.768089,596,2,24520,C-RNTI,1_1,0,A,3,11,16,63,1,1.000000,2,0,0,16QAM,7,28680,0.478516,0,1,15120,60480,256qam,0,15,0,0,2,2,1
1727547712.774149,595,7,24520,C-RNTI,1_1,0,A,3,11,0,63,1,1.000000,2,0,0,16QAM,7,28680,0.478516,0,1,15120,60480,256qam,0,10,0,0,2,2,1
1727547712.774772,596,1,24520,C-RNTI,1_1,0,A,3,11,0,79,1,1.000000,2,0,0,16QAM,6,32264,0.423828,0,0,18960,75840,256qam,0,14,0,0,2,2,1
1727547712.776521,596,8,24520,C-RNTI,1_1,0,A,3,11,0,79,1,1.000000,2,0,0,16QAM,6,32264,0.423828,0,0,18960,75840,256qam,0,4,0,0,2,2,1
1727547712.782477,597,4,24520,C-RNTI,1_1,0,A,3,11,0,79,1,1.000000,2,0,0,16QAM,6,32264,0.423828,0,1,18960,75840,256qam,0,3,0,0,2,2,1
1727547712.811539,600,1,24520,C-RNTI,1_1,0,A,3,11,16,32,1,1.000000,2,0,0,BPSK,28,0,0.000000,3,1,0,0,256qam,0,12,0,0,2,2,1
1727547712.838574,602,5,24520,C-RNTI,1_1,0,A,3,11,16,16,1,1.000000,2,0,0,QPSK,3,3368,0.438477,0,0,3840,7680,256qam,0,11,0,0,2,2,1
1727547712.862671,605,7,24520,C-RNTI,1_1,0,A,3,11,48,31,1,1.000000,2,0,0,16QAM,6,12552,0.423828,0,1,7440,29760,256qam,0,0,0,0,2,4,1
1727547712.863718,605,8,24520,C-RNTI,1_1,0,A,3,11,48,31,1,1.000000,2,0,0,16QAM,6,12552,0.423828,0,1,7440,29760,256qam,0,1,0,0,2,2,1
1727547712.870804,606,0,24520,C-RNTI,1_1,0,A,3,11,16,63,1,1.000000,2,0,0,16QAM,6,25608,0.423828,0,0,15120,60480,256qam,0,3,0,0,2,2,1
1727547712.871167,606,2,24520,C-RNTI,1_1,0,A,3,11,0,79,1,1.000000,2,0,0,QPSK,4,22032,0.587891,0,1,18960,37920,256qam,0,5,0,0,2,2,1
1727547712.871513,606,1,24520,C-RNTI,1_1,0,A,3,11,0,79,1,1.000000,2,0,0,QPSK,4,22032,0.587891,0,1,18960,37920,256qam,0,4,0,0,2,2,1
1727547712.887768,608,2,24520,C-RNTI,1_1,0,A,3,11,16,63,1,1.000000,2,0,0,QPSK,4,17928,0.587891,0,0,15120,30240,256qam,0,6,0,0,2,2,1
1727547712.887974,607,2,24520,C-RNTI,1_1,0,A,3,11,0,79,1,1.000000,2,0,0,QPSK,4,22032,0.587891,0,0,18960,37920,256qam,0,14,0,0,2,2,1
1727547712.890156,607,8,24520,C-RNTI,1_1,0,A,3,11,0,64,1,1.000000,2,0,0,BPSK,28,0,0.000000,2,0,0,0,256qam,0,13,0,0,2,2,1
1727547712.891728,607,0,24520,C-RNTI,1_1,0,A,3,11,0,63,1,1.000000,2,0,0,QPSK,4,17928,0.587891,0,1,15120,30240,256qam,0,12,0,0,2,2,1
1727547712.891729,607,0,21170,C-RNTI,1_1,0,A,3,11,48,16,1,1.000000,2,0,0,QPSK,0,928,0.117188,0,0,3840,7680,256qam,0,14,0,0,2,2,1
1727547712.895801,608,8,24520,C-RNTI,1_1,0,A,3,11,0,79,1,1.000000,2,0,0,QPSK,4,22032,0.587891,0,1,18960,37920,256qam,0,10,0,0,2,2,1
1727547712.897189,609,0,24520,C-RNTI,1_1,0,A,3,11,0,79,1,1.000000,2,0,0,BPSK,28,0,0.000000,2,0,0,0,256qam,0,7,0,0,2,2,1
1727547712.898064,608,7,24520,C-RNTI,1_1,0,A,3,11,16,48,1,1.000000,2,0,0,BPSK,28,0,0.000000,2,0,0,0,256qam,0,4,0,0,2,2,1
1727547712.898298,609,1,24520,C-RNTI,1_1,0,A,3,11,0,79,1,1.000000,2,0,0,BPSK,28,0,0.000000,2,0,0,0,256qam,0,8,0,0,2,2,1
1727547712.916217,610,7,24520,C-RNTI,1_1,0,A,3,11,0,79,1,1.000000,2,0,0,QPSK,1,7176,0.188477,0,0,18960,37920,256qam,0,5,0,0,2,2,1
1727547712.916542,610,8,24520,C-RNTI,1_1,0,A,3,11,0,79,1,1.000000,2,0,0,QPSK,1,7176,0.188477,0,1,18960,37920,256qam,0,6,0,0,2,2,1
1727547712.916902,610,5,24520,C-RNTI,1_1,0,A,3,11,0,79,1,1.000000,2,0,0,QPSK,1,7176,0.188477,0,0,18960,37920,256qam,0,3,0,0,2,2,1
1727547712.928964,611,8,24520,C-RNTI,1_1,0,A,3,11,0,79,1,1.000000,2,0,0,QPSK,1,7176,0.188477,0,1,18960,37920,256qam,0,0,0,0,2,2,1
1727547712.929156,611,4,24520,C-RNTI,1_1,0,A,3,11,64,15,1,1.000000,2,0,0,QPSK,1,1352,0.188477,0,1,3600,7200,256qam,0,12,0,0,2,2,1
1727547712.940673,612,9,24520,C-RNTI,1_1,0,A,3,11,0,79,1,1.000000,2,0,0,QPSK,0,4488,0.117188,0,1,18960,37920,256qam,0,11,0,0,2,2,1
1727547712.948888,613,8,24520,C-RNTI,1_1,0,A,3,11,0,79,1,1.000000,2,0,0,QPSK,0,4488,0.117188,0,1,18960,37920,256qam,0,4,0,0,2,2,1
1727547712.951709,614,0,24520,C-RNTI,1_1,0,A,3,11,32,47,1,1.000000,2,0,0,QPSK,0,2664,0.117188,0,0,11280,22560,256qam,0,6,0,0,2,2,1
1727547712.958328,614,4,24520,C-RNTI,1_1,0,A,3,11,0,79,1,1.000000,2,0,0,QPSK,0,4488,0.117188,0,1,18960,37920,256qam,0,10,0,0,2,2,1
1727547712.966511,615,8,24520,C-RNTI,1_1,0,A,3,11,0,79,1,1.000000,2,0,0,QPSK,0,4488,0.117188,0,1,18960,37920,256qam,0,8,0,0,2,2,1
1727547712.967160,615,4,24520,C-RNTI,1_1,0,A,3,11,16,63,1,1.000000,2,0,0,QPSK,0,3624,0.117188,0,0,15120,30240,256qam,0,4,0,0,2,2,1
1727547712.977087,616,6,24520,C-RNTI,1_1,0,A,3,11,0,79,1,1.000000,2,0,0,QPSK,4,22032,0.587891,0,0,18960,37920,256qam,0,0,0,0,2,2,1
1727547712.979468,616,4,24520,C-RNTI,1_1,0,A,3,11,0,79,1,1.000000,2,0,0,QPSK,3,16392,0.438477,0,1,18960,37920,256qam,0,14,0,0,2,2,1
1727547712.980171,616,5,24520,C-RNTI,1_1,0,A,3,11,0,79,1,1.000000,2,0,0,QPSK,4,22032,0.587891,0,1,18960,37920,256qam,0,15,0,0,2,2,1
1727547712.980929,616,7,21170,C-RNTI,1_1,0,A,3,11,275,0,1,1.000000,2,0,0,BPSK,0,0,0.000000,0,1,0,0,256qam,0,1,0,0,2,2,1
1727547713.014013,620,0,21170,C-RNTI,1_1,0,A,3,11,48,16,1,1.000000,2,0,0,QPSK,0,928,0.117188,0,1,3840,7680,256qam,0,5,0,0,2,2,1
1727547713.024248,621,4,21170,C-RNTI,1_1,0,A,3,11,0,16,1,1.000000,2,0,0,QPSK,0,928,0.117188,0,0,3840,7680,256qam,0,6,0,0,2,4,1
1727547713.044151,623,2,24520,C-RNTI,1_1,0,A,3,11,0,79,1,1.000000,2,0,0,16QAM,5,28168,0.369141,0,1,18960,75840,256qam,0,11,0,0,2,2,1
1727547713.049201,623,9,24520,C-RNTI,1_1,0,A,3,11,0,79,1,1.000000,2,0,0,QPSK,4,22032,0.587891,0,1,18960,37920,256qam,0,0,0,0,2,2,1
1727547713.053117,623,7,24520,C-RNTI,1_1,0,A,3,11,0,79,1,1.000000,2,0,0,QPSK,4,22032,0.587891,0,0,18960,37920,256qam,0,15,0,0,2,2,1
1727547713.054325,624,5,24520,C-RNTI,1_1,0,A,3,11,0,79,1,1.000000,2,0,0,16QAM,5,28168,0.369141,0,1,18960,75840,256qam,0,3,0,0,2,2,1
1727547713.061112,624,9,24520,C-RNTI,1_1,0,A,3,11,0,79,1,1.000000,2,0,0,BPSK,28,0,0.000000,3,1,0,0,256qam,0,14,0,0,2,2,1
1727547713.109026,629,9,24520,C-RNTI,1_1,0,A,3,11,0,79,1,1.000000,2,0,0,QPSK,1,7176,0.188477,0,0,18960,37920,256qam,0,10,0,0,2,2,1
1727547713.115034,630,1,24520,C-RNTI,1_1,0,A,3,11,0,79,1,1.000000,2,0,0,QPSK,1,7176,0.188477,0,0,18960,37920,256qam,0,12,0,0,2,2,1
1727547713.138089,631,4,24520,C-RNTI,1_1,0,A,3,11,0,79,1,1.000000,2,0,0,QPSK,1,7176,0.188477,0,1,18960,37920,256qam,0,8,0,0,2,2,1
1727547713.142507,632,6,24520,C-RNTI,1_1,0,A,3,11,0,79,1,1.000000,2,0,0,QPSK,4,22032,0.587891,0,0,18960,37920,256qam,0,3,0,0,2,2,1
1727547713.156320,633,8,21170,C-RNTI,1_1,0,A,3,11,275,0,1,1.000000,2,0,0,BPSK,0,0,0.000000,0,0,0,0,256qam,0,1,0,0,2,2,1
1727547713.160090,635,2,24520,C-RNTI,1_1,0,A,3,11,0,79,1,1.000000,2,0,0,BPSK,28,0,0.000000,2,0,0,0,256qam,0,0,0,0,2,2,1
1727547713.171427,635,8,24520,C-RNTI,1_1,0,A,3,11,275,0,1,1.000000,2,0,0,BPSK,0,0,0.000000,0,1,0,0,256qam,0,4,0,0,2,2,1
1727547713.201389,639,4,24520,C-RNTI,1_1,0,A,3,11,275,0,2,1.412538,2,0,0,BPSK,0,0,0.000000,0,0,0,0,256qam,0,6,0,0,2,2,1
1727547713.238314,642,9,24520,C-RNTI,1_1,0,A,3,11,0,79,2,1.412538,2,0,0,QPSK,1,6408,0.188477,0,0,17064,34128,256qam,0,12,0,0,2,2,1
1727547713.246631,643,3,24520,C-RNTI,1_1,0,A,3,11,0,31,1,1.000000,2,0,0,QPSK,1,2792,0.188477,0,1,7440,14880,256qam,0,0,0,0,2,2,1
1727547713.248181,643,2,24520,C-RNTI,1_1,0,A,3,11,0,79,1,1.000000,2,0,0,QPSK,1,7176,0.188477,0,0,18960,37920,256qam,0,15,0,0,2,2,1
1727547713.249870,643,8,24520,C-RNTI,1_1,0,A,3,11,0,79,1,1.000000,2,0,0,QPSK,0,4488,0.117188,0,1,18960,37920,256qam,0,5,0,0,2,2,1
1727547713.259221,644,8,24520,C-RNTI,1_1,0,A,3,11,0,79,1,1.000000,2,0,0,QPSK,1,7176,0.188477,0,0,18960,37920,256qam,0,13,0,0,2,2,1
1727547713.266630,645,0,24520,C-RNTI,1_1,0,A,3,11,0,79,1,1.000000,2,0,0,QPSK,1,7176,0.188477,0,1,18960,37920,256qam,0,15,0,0,2,2,1
1727547713.269797,645,9,24520,C-RNTI,1_1,0,A,3,11,0,79,1,1.000000,2,0,0,QPSK,1,7176,0.188477,0,0,18960,37920,256qam,0,7,0,0,2,2,1
1727547713.277741,646,6,24520,C-RNTI,1_1,0,A,3,11,0,64,1,1.000000,2,0,0,BPSK,28,0,0.000000,2,0,0,0,256qam,0,7,0,0,2,2,1
1727547713.280064,646,0,24520,C-RNTI,1_1,0,A,3,11,16,63,1,1.000000,2,0,0,QPSK,1,5640,0.188477,0,1,15120,30240,256qam,0,8,0,0,2,2,1
1727547713.282865,646,9,24520,C-RNTI,1_1,0,A,3,11,0,79,1,1.000000,2,0,0,QPSK,3,16392,0.438477,0,1,18960,37920,256qam,0,0,0,0,2,4,1
1727547713.287532,648,2,24520,C-RNTI,1_1,0,A,3,11,16,16,1,1.000000,2,0,0,QPSK,3,3368,0.438477,0,1,3840,7680,256qam,0,6,0,0,2,2,1
1727547713.300862,649,4,24520,C-RNTI,1_1,0,A,3,11,0,47,1,1.000000,2,0,0,QPSK,3,9992,0.438477,0,0,11280,22560,256qam,0,0,0,0,2,2,1
1727547713.300930,648,0,24520,C-RNTI,1_1,0,A,3,11,32,47,1,1.000000,2,0,0,BPSK,28,0,0.000000,2,1,0,0,256qam,0,4,1,1,2,2,1
1727547713.301321,649,2,24520,C-RNTI,1_1,0,A,3,11,0,79,1,1.000000,2,0,0,QPSK,3,16392,0.438477,0,1,18960,37920,256qam,0,14,0,0,2,2,1
1727547713.317491,650,8,24520,C-RNTI,1_1,0,A,3,11,0,64,1,1.000000,2,0,0,BPSK,28,0,0.000000,2,1,0,0,256qam,0,1,0,0,2,2,1
1727547713.347491,653,8,24520,C-RNTI,1_1,0,A,3,11,0,79,1,1.000000,2,0,0,BPSK,28,0,0.000000,0,0,0,0,256qam,0,6,0,0,2,2,1
1727547713.554323,674,3,21170,C-RNTI,1_1,0,A,3,11,0,16,1,1.000000,2,0,0,QPSK,0,928,0.117188,0,0,3840,7680,256qam,0,14,0,0,2,2,1
1727547713.580452,675,8,21170,C-RNTI,1_1,0,A,3,11,275,0,1,1.000000,2,0,0,BPSK,0,0,0.000000,0,0,0,0,256qam,0,15,0,0,2,2,1
1727547713.628195,680,7,21170,C-RNTI,1_1,0,A,3,11,275,0,1,1.000000,2,0,0,BPSK,0,0,0.000000,0,0,0,0,256qam,0,5,0,0,2,2,1
1727547713.634032,682,3,21170,C-RNTI,1_1,0,A,3,11,48,16,1,1.000000,2,0,0,QPSK,0,928,0.117188,0,1,3840,7680,256qam,0,7,0,0,2,2,1
1727547713.683935,686,5,21170,C-RNTI,1_1,0,A,3,11,32,32,1,1.000000,2,0,0,QPSK,2,4608,0.300781,0,0,7680,15360,256qam,0,0,0,0,2,2,1
1727547713.774632,695,3,24954,C-RNTI,0_1,4,A,0,14,74,2,1,1.000000,1,0,0,QPSK,3,272,0.438477,0,1,312,624,256qam,0,7,3,1,0,0,1
1727547713.800843,698,9,21170,C-RNTI,1_1,0,A,3,11,275,0,1,1.000000,2,0,0,BPSK,0,0,0.000000,0,1,0,0,256qam,0,2,0,0,2,2,1
1727547713.814796,700,1,24520,C-RNTI,1_1,0,A,3,11,0,79,1,1.000000,2,0,0,QPSK,0,4488,0.117188,0,1,18960,37920,256qam,0,6,0,0,2,2,1
1727547713.891790,707,8,21170,C-RNTI,1_1,0,A,3,11,275,0,1,1.000000,2,0,0,BPSK,0,0,0.000000,0,0,0,0,256qam,0,6,0,0,2,4,1
1727547713.926061,710,5,21170,C-RNTI,1_1,0,A,3,11,48,16,1,1.000000,2,0,0,QPSK,0,928,0.117188,0,1,3840,7680,256qam,0,7,0,0,2,2,1
1727547714.021137,720,6,21170,C-RNTI,1_1,0,A,3,11,48,16,1,1.000000,2,0,0,QPSK,0,928,0.117188,0,1,3840,7680,256qam,0,13,0,0,2,2,1
1727547714.087528,726,8,21996,C-RNTI,1_1,0,A,3,11,16,48,1,1.000000,2,0,0,16QAM,9,27656,0.601562,0,0,11520,46080,256qam,0,11,0,0,2,0,1
1727547714.105950,728,5,21170,C-RNTI,1_1,0,A,3,11,275,0,1,1.000000,2,0,0,BPSK,0,0,0.000000,0,0,0,0,256qam,0,0,0,0,2,2,1
1727547714.180836,735,5,24520,C-RNTI,1_1,0,A,3,11,275,0,2,1.412538,2,0,0,BPSK,1,0,0.000000,0,0,0,0,256qam,0,12,0,0,2,2,1
1727547714.238557,742,5,21170,C-RNTI,1_1,0,A,3,11,275,0,1,1.000000,2,0,0,BPSK,1,0,0.000000,0,0,0,0,256qam,0,5,0,0,2,2,1
1727547714.248799,743,4,24520,C-RNTI,1_1,0,A,3,11,275,0,1,1.000000,2,0,0,BPSK,1,0,0.000000,0,0,0,0,256qam,0,3,0,0,2,2,1
1727547714.257959,744,3,21170,C-RNTI,1_1,0,A,3,11,275,0,1,1.000000,2,0,0,BPSK,0,0,0.000000,0,1,0,0,256qam,0,6,0,0,2,2,1
1727547714.280632,746,7,24520,C-RNTI,1_1,0,A,3,11,16,32,1,1.000000,2,0,0,QPSK,2,4608,0.300781,0,0,7680,15360,256qam,0,10,0,0,2,2,1
1727547714.302077,749,1,21170,C-RNTI,1_1,0,A,3,11,16,16,1,1.000000,2,0,0,BPSK,28,0,0.000000,2,0,0,0,256qam,0,9,0,0,2,2,1
1727547714.322279,750,9,21170,C-RNTI,1_1,0,A,3,11,16,32,1,1.000000,2,0,0,QPSK,2,4608,0.300781,0,1,7680,15360,256qam,0,11,0,0,2,2,1
1727547714.323033,750,5,21170,C-RNTI,1_1,0,A,3,11,0,16,1,1.000000,2,0,0,BPSK,28,0,0.000000,3,0,0,0,256qam,0,9,0,0,2,2,1
1727547714.603296,778,2,21170,C-RNTI,1_1,0,A,3,11,275,0,1,1.000000,2,0,0,BPSK,0,0,0.000000,0,0,0,0,256qam,0,7,0,0,2,2,1
1727547714.669814,785,2,21170,C-RNTI,1_1,0,A,3,11,32,16,1,1.000000,2,0,0,QPSK,0,928,0.117188,0,0,3840,7680,256qam,0,11,0,0,2,2,1
1727547714.700539,787,7,21170,C-RNTI,1_1,0,A,3,11,16,16,1,1.000000,2,0,0,QPSK,0,928,0.117188,0,1,3840,7680,256qam,0,13,0,0,2,2,1
1727547714.738006,792,5,21170,C-RNTI,1_1,0,A,3,11,16,16,1,1.000000,2,0,0,QPSK,0,928,0.117188,0,1,3840,7680,256qam,0,0,0,0,2,2,1
1727547714.770700,795,7,21170,C-RNTI,1_1,0,A,3,11,32,16,1,1.000000,2,0,0,QPSK,0,928,0.117188,0,1,3840,7680,256qam,0,3,0,0,2,2,1
1727547714.777958,796,4,21170,C-RNTI,1_1,0,A,3,11,48,16,1,1.000000,2,0,0,BPSK,28,0,0.000000,2,1,0,0,256qam,0,3,0,0,2,2,1
1727547714.796581,798,5,21170,C-RNTI,1_1,0,A,3,11,0,16,1,1.000000,2,0,0,BPSK,28,0,0.000000,1,1,0,0,256qam,0,3,0,0,2,2,1
1727547714.814570,799,9,21170,C-RNTI,1_1,0,A,3,11,275,0,1,1.000000,2,0,0,BPSK,0,0,0.000000,0,0,0,0,256qam,0,8,0,0,2,2,1
1727547715.039767,823,3,24954,C-RNTI,0_1,4,A,0,14,3,2,1,1.000000,1,0,0,16QAM,5,456,0.369141,0,0,312,1248,256qam,0,11,3,1,0,0,1
1727547715.331848,851,3,21170,C-RNTI,1_1,0,A,3,11,16,32,1,1.000000,2,0,0,BPSK,28,0,0.000000,3,0,0,0,256qam,0,4,0,0,2,2,1
1727547715.333616,852,3,21170,C-RNTI,1_1,0,A,3,11,16,16,1,1.000000,2,0,0,BPSK,28,0,0.000000,3,0,0,0,256qam,0,5,0,0,2,2,1
1727547715.339351,852,4,21170,C-RNTI,1_1,0,A,3,11,0,16,1,1.000000,2,0,0,QPSK,0,928,0.117188,0,0,3840,7680,256qam,0,6,0,0,2,2,1
1727547715.372884,856,0,21170,C-RNTI,1_1,0,A,3,11,275,0,1,1.000000,2,0,0,BPSK,0,0,0.000000,0,1,0,0,256qam,0,8,0,0,2,2,1
1727547715.378292,856,5,21170,C-RNTI,1_1,0,A,3,11,275,0,1,1.000000,2,0,0,BPSK,0,0,0.000000,0,0,0,0,256qam,0,9,0,0,2,2,1
1727547715.414054,859,5,21170,C-RNTI,1_1,0,A,3,11,32,16,1,1.000000,2,0,0,QPSK,0,928,0.117188,0,0,3840,7680,256qam,0,11,0,0,2,2,1
1727547715.441990,863,2,21170,C-RNTI,1_1,0,A,3,11,0,16,2,1.412538,2,0,0,QPSK,0,808,0.117188,0,0,3456,6912,256qam,0,13,0,0,2,2,1
1727547715.465453,864,7,21170,C-RNTI,1_1,0,A,3,11,275,0,1,1.000000,2,0,0,BPSK,0,0,0.000000,0,1,0,0,256qam,0,14,0,0,2,2,1
1727547715.521817,870,5,21170,C-RNTI,1_1,0,A,3,11,275,0,1,1.000000,2,0,0,BPSK,0,0,0.000000,0,1,0,0,256qam,0,4,0,0,2,2,1
1727547715.530717,871,5,24954,C-RNTI,0_1,4,A,0,14,9,2,1,1.000000,1,0,0,16QAM,5,456,0.369141,0,0,312,1248,256qam,0,13,3,1,0,0,1
1727547715.560880,874,7,21170,C-RNTI,1_1,0,A,3,11,32,16,1,1.000000,2,0,0,QPSK,0,928,0.117188,0,1,3840,7680,256qam,0,9,0,0,2,2,1
1727547715.614142,879,9,21170,C-RNTI,1_1,0,A,3,11,275,0,1,1.000000,2,0,0,BPSK,28,0,0.000000,3,1,0,0,256qam,0,11,0,0,2,2,1
1727547715.647391,883,4,21170,C-RNTI,1_1,0,A,3,11,275,0,1,1.000000,2,0,0,BPSK,0,0,0.000000,0,0,0,0,256qam,0,14,0,0,2,2,1
1727547715.673961,885,3,21170,C-RNTI,1_1,0,A,3,11,32,16,1,1.000000,2,0,0,QPSK,0,928,0.117188,0,0,3840,7680,256qam,0,14,0,0,2,2,1
1727547715.694928,888,3,21170,C-RNTI,1_1,0,A,3,11,48,16,1,1.000000,2,0,0,BPSK,28,0,0.000000,2,1,0,0,256qam,0,2,0,0,2,2,1
1727547715.699235,889,1,24520,C-RNTI,1_1,0,A,3,11,0,79,1,1.000000,2,0,0,QPSK,4,22032,0.587891,0,1,18960,37920,256qam,0,8,0,0,2,2,1
1727547715.703404,888,7,24520,C-RNTI,1_1,0,A,3,11,0,64,1,1.000000,2,0,0,QPSK,4,17928,0.587891,0,0,15360,30720,256qam,0,4,0,0,2,2,1
1727547715.712296,889,2,24520,C-RNTI,1_1,0,A,3,11,0,79,1,1.000000,2,0,0,QPSK,4,22032,0.587891,0,0,18960,37920,256qam,0,9,0,0,2,2,1
1727547715.725607,891,2,24520,C-RNTI,1_1,0,A,3,11,0,79,1,1.000000,2,0,0,QPSK,2,11272,0.300781,0,1,18960,37920,256qam,0,5,0,0,2,2,1
1727547715.740466,892,8,24520,C-RNTI,1_1,0,A,3,11,0,79,1,1.000000,2,0,0,QPSK,1,7176,0.188477,0,0,18960,37920,256qam,0,5,0,0,2,2,1
1727547715.748212,893,2,24520,C-RNTI,1_1,0,A,3,11,0,79,1,1.000000,2,0,0,QPSK,1,7176,0.188477,0,0,18960,37920,256qam,0,9,0,0,2,2,1
1727547715.750666,894,0,24520,C-RNTI,1_1,0,A,3,11,16,63,1,1.000000,2,0,0,QPSK,1,5640,0.188477,0,1,15120,30240,256qam,0,1,0,0,2,2,1
1727547715.755482,894,5,21170,C-RNTI,1_1,0,A,3,11,48,16,1,1.000000,2,0,0,BPSK,28,0,0.000000,3,1,0,0,256qam,0,8,0,0,2,2,1
1727547715.763260,894,8,24520,C-RNTI,1_1,0,A,3,11,0,79,1,1.000000,2,0,0,QPSK,1,7176,0.188477,0,1,18960,37920,256qam,0,9,0,0,2,2,1
1727547715.774519,896,1,24520,C-RNTI,1_1,0,A,3,11,0,79,1,1.000000,2,0,0,QPSK,1,7176,0.188477,0,1,18960,37920,256qam,0,6,0,0,2,2,1
1727547715.786943,897,2,24520,C-RNTI,1_1,0,A,3,11,0,79,1,1.000000,2,0,0,QPSK,1,7176,0.188477,0,1,18960,37920,256qam,0,1,0,0,2,2,1
1727547715.823369,900,4,21170,C-RNTI,1_1,0,A,3,11,275,0,1,1.000000,2,0,0,BPSK,0,0,0.000000,0,1,0,0,256qam,0,14,0,0,2,2,1
1727547715.852631,904,8,24520,C-RNTI,1_1,0,A,3,11,0,79,1,1.000000,2,0,0,QPSK,4,22032,0.587891,0,1,18960,37920,256qam,0,6,0,0,2,2,1
1727547715.863875,905,2,24520,C-RNTI,1_1,0,A,3,11,0,79,1,1.000000,2,0,0,QPSK,4,22032,0.587891,0,1,18960,37920,256qam,0,10,0,0,2,2,1
1727547715.863988,905,0,24520,C-RNTI,1_1,0,A,3,11,0,79,1,1.000000,2,0,0,QPSK,4,22032,0.587891,0,1,18960,37920,256qam,0,8,0,0,2,2,1
1727547715.878750,906,7,24520,C-RNTI,1_1,0,A,3,11,0,48,1,1.000000,2,0,0,QPSK,4,13576,0.587891,0,0,11520,23040,256qam,0,4,0,0,2,2,1
1727547715.891723,907,8,24520,C-RNTI,1_1,0,A,3,11,0,16,1,1.000000,2,0,0,QPSK,0,928,0.117188,0,1,3840,7680,256qam,0,5,0,0,2,2,1
1727547716.002096,919,2,21170,C-RNTI,1_1,0,A,3,11,275,0,1,1.000000,2,0,0,BPSK,0,0,0.000000,0,0,0,0,256qam,0,1,0,0,2,2,1
1727547716.182395,937,5,24520,C-RNTI,1_1,0,A,3,11,0,64,1,1.000000,2,0,0,QPSK,4,17928,0.587891,0,1,15360,30720,256qam,0,9,0,0,2,2,1
1727547716.190548,938,5,24520,C-RNTI,1_1,0,A,3,11,0,64,1,1.000000,2,0,0,BPSK,28,0,0.000000,2,1,0,0,256qam,0,9,0,0,2,2,1
1727547716.344613,953,2,21170,C-RNTI,1_1,0,A,3,11,48,16,1,1.000000,2,0,0,QPSK,0,928,0.117188,0,1,3840,7680,256qam,0,4,0,0,2,2,1
1727547716.515856,970,2,21170,C-RNTI,1_1,0,A,3,11,48,16,1,1.000000,2,0,0,QPSK,0,928,0.117188,0,0,3840,7680,256qam,0,5,0,0,2,2,1
1727547717.216110,15,8,23072,C-RNTI,1_1,0,A,3,11,48,16,1,1.000000,2,0,0,QPSK,4,4480,0.587891,0,1,3840,7680,256qam,0,7,0,0,2,0,1
1727547717.596288,54,5,23072,C-RNTI,1_1,0,A,3,11,32,16,1,1.000000,2,0,0,16QAM,8,8192,0.540039,0,1,3840,15360,256qam,0,13,0,0,2,0,1
1727547717.629025,58,2,23072,C-RNTI,1_1,0,A,3,11,48,16,1,1.000000,2,0,0,QPSK,0,928,0.117188,0,1,3840,7680,256qam,0,14,0,0,2,0,1
1727547718.397894,134,6,23072,C-RNTI,1_1,0,A,3,11,275,0,2,1.412538,2,0,0,BPSK,0,0,0.000000,0,0,0,0,256qam,0,2,0,0,2,0,1
1727547719.352178,229,7,26094,C-RNTI,1_1,0,A,3,11,16,32,1,1.000000,2,0,0,QPSK,0,1800,0.117188,0,0,7680,15360,256qam,0,8,0,1,0,0,1
1727547719.356705,229,6,26094,C-RNTI,1_1,0,A,3,11,16,16,1,1.000000,2,0,0,QPSK,0,928,0.117188,0,0,3840,7680,256qam,0,7,0,1,0,0,1
1727547719.365440,231,7,26094,C-RNTI,1_1,0,A,3,11,0,16,1,1.000000,2,0,0,QPSK,4,4480,0.587891,0,0,3840,7680,256qam,0,10,0,1,0,0,1
1727547719.394496,234,4,26094,C-RNTI,0_1,4,A,0,14,74,2,1,1.000000,1,0,0,QPSK,3,272,0.438477,0,1,312,624,256qam,0,9,3,1,0,0,1
1727547719.769701,271,8,26094,C-RNTI,0_1,4,A,0,14,3,2,1,1.000000,1,0,0,QPSK,4,368,0.587891,0,1,312,624,256qam,0,10,3,1,0,0,1
1727547720.409130,335,8,26094,C-RNTI,0_1,4,A,0,14,3,2,1,1.000000,1,0,0,QPSK,3,272,0.438477,0,1,312,624,256qam,0,12,3,1,0,0,1
1727547721.019146,395,6,23884,C-RNTI,1_1,0,A,3,11,0,48,1,1.000000,2,0,0,QPSK,0,2728,0.117188,0,1,11520,23040,256qam,0,6,0,0,2,0,1
1727547721.048420,399,0,23884,C-RNTI,1_1,0,A,3,11,16,16,1,1.000000,2,0,0,QPSK,0,928,0.117188,0,1,3840,7680,256qam,0,7,0,0,2,0,1
1727547721.373333,431,9,26094,C-RNTI,0_1,4,A,0,14,74,2,1,1.000000,1,0,0,QPSK,4,368,0.587891,0,1,312,624,256qam,0,15,3,1,0,0,1
1727547723.450050,639,8,26094,C-RNTI,0_1,4,A,0,14,74,2,1,1.000000,1,0,0,QPSK,2,184,0.300781,0,0,312,624,256qam,0,6,3,1,0,0,1
1727547723.611828,655,8,26094,C-RNTI,0_1,4,A,0,14,74,2,1,1.000000,1,0,0,QPSK,4,368,0.587891,0,0,312,624,256qam,0,7,3,1,0,0,1
1727547723.616076,655,9,26094,C-RNTI,1_1,0,A,3,11,275,0,1,1.000000,2,0,0,BPSK,1,0,0.000000,0,0,0,0,256qam,0,14,0,1,0,1,1
1727547723.637332,657,6,26094,C-RNTI,1_1,0,A,3,11,275,0,1,1.000000,2,0,0,BPSK,0,0,0.000000,0,0,0,0,256qam,0,15,0,1,0,0,1
1727547723.643876,658,4,26094,C-RNTI,0_1,4,A,0,14,74,2,1,1.000000,1,0,0,16QAM,5,456,0.369141,0,0,312,1248,256qam,0,9,3,1,0,0,1
1727547724.413076,735,8,26094,C-RNTI,0_1,4,A,0,14,3,2,1,1.000000,1,0,0,16QAM,5,456,0.369141,0,0,312,1248,256qam,0,11,3,1,0,0,1
1727547724.499116,743,4,26094,C-RNTI,1_1,0,A,3,11,275,0,1,1.000000,2,0,0,BPSK,0,0,0.000000,0,0,0,0,256qam,0,0,0,1,0,0,1
1727547724.499118,743,4,26094,C-RNTI,0_1,4,A,0,14,3,2,1,1.000000,1,0,0,QPSK,4,368,0.587891,0,0,312,624,256qam,0,12,3,1,0,0,1
1727547737.365559,1006,7,22406,C-RNTI,0_1,2,A,0,14,68,2,1,1.000000,1,0,0,64QAM,18,1544,0.802734,0,1,312,1872,256qam,0,0,3,1,0,0,1
1727547737.384541,1007,3,22406,C-RNTI,0_1,2,A,0,14,3,5,1,1.000000,1,0,0,BPSK,29,0,0.000000,2,1,0,0,256qam,0,0,3,1,0,0,1
1727547738.924298,137,5,22406,C-RNTI,1_1,0,A,3,11,48,16,1,1.000000,2,0,0,QPSK,0,928,0.117188,0,1,3840,7680,256qam,0,7,0,0,2,0,1
1727547740.774325,324,8,22406,C-RNTI,1_1,0,A,3,11,48,16,1,1.000000,2,0,0,QPSK,0,928,0.117188,0,1,3840,7680,256qam,0,9,0,0,2,0,1
1727547742.699910,516,7,22406,C-RNTI,1_1,0,A,3,11,275,0,1,1.000000,2,0,0,BPSK,0,0,0.000000,0,0,0,0,256qam,0,10,0,0,2,0,1
1727547749.766648,196,8,19030,C-RNTI,1_1,0,A,3,11,16,32,1,1.000000,2,0,0,QPSK,0,1800,0.117188,0,1,7680,15360,256qam,0,5,0,0,2,0,1
1727547750.459012,264,3,19030,C-RNTI,1_1,0,A,3,11,275,0,1,1.000000,2,0,0,BPSK,0,0,0.000000,0,1,0,0,256qam,0,0,0,0,2,0,1
1727547754.582615,678,0,23314,C-RNTI,1_1,0,A,3,11,275,0,1,1.000000,2,0,0,BPSK,0,0,0.000000,0,0,0,0,256qam,0,3,0,0,2,0,1
1727547754.596903,680,5,23314,C-RNTI,1_1,0,A,3,11,275,0,1,1.000000,2,0,0,BPSK,0,0,0.000000,0,0,0,0,256qam,0,3,0,0,2,0,1
1727547754.737996,693,7,23314,C-RNTI,1_1,0,A,3,11,275,0,1,1.000000,2,0,0,BPSK,0,0,0.000000,0,0,0,0,256qam,0,3,0,0,2,0,1
1727547754.925184,713,9,18406,C-RNTI,1_1,0,A,3,11,16,63,2,1.412538,2,0,0,QPSK,0,3240,0.117188,1,0,13608,27216,256qam,0,2,0,0,0,4,1
1727547755.066341,728,1,18406,C-RNTI,1_1,0,A,3,11,275,0,1,1.000000,2,0,0,BPSK,29,0,0.000000,2,1,0,0,256qam,0,13,0,0,2,0,1
1727547755.092466,728,8,18406,C-RNTI,1_1,0,A,3,11,16,16,1,1.000000,2,0,0,BPSK,29,0,0.000000,3,1,0,0,256qam,0,13,0,0,2,0,1
1727547755.095888,731,1,18406,C-RNTI,1_1,0,A,3,11,275,0,2,1.412538,2,0,0,BPSK,29,0,0.000000,0,1,0,0,256qam,0,15,0,0,2,0,1
1727547755.159509,737,0,18406,C-RNTI,1_1,0,A,3,11,275,0,1,1.000000,2,0,0,BPSK,29,0,0.000000,3,0,0,0,256qam,0,1,0,0,2,0,1
1727547755.166532,736,3,18406,C-RNTI,1_1,0,A,3,11,48,16,1,1.000000,2,0,0,BPSK,29,0,0.000000,2,0,0,0,256qam,0,1,0,0,2,0,1
1727547755.602313,781,3,18406,C-RNTI,1_1,0,A,3,11,275,0,1,1.000000,2,0,0,BPSK,0,0,0.000000,0,0,0,0,256qam,0,6,0,0,2,0,1
1727547756.395196,861,4,18406,C-RNTI,1_1,0,A,3,11,275,0,2,1.412538,2,0,0,BPSK,0,0,0.000000,0,0,0,0,256qam,0,15,0,0,2,0,1
1727547757.991194,1020,7,18406,C-RNTI,1_1,0,A,3,11,48,16,1,1.000000,2,0,0,QPSK,0,928,0.117188,0,1,3840,7680,256qam,0,2,0,0,2,0,1
1727547758.439310,41,8,21996,C-RNTI,1_1,0,A,3,11,0,79,2,1.412538,2,0,0,16QAM,5,25104,0.369141,0,1,17064,68256,256qam,0,14,3,2,3,4,1
1727547762.643102,461,3,21536,C-RNTI,0_1,2,A,0,14,26,5,1,1.000000,1,0,0,QPSK,0,176,0.117188,0,1,780,1560,256qam,0,1,3,1,0,0,1
1727547762.652987,461,5,21536,C-RNTI,0_1,2,A,0,14,20,5,1,1.000000,1,0,0,QPSK,0,176,0.117188,0,1,780,1560,256qam,0,3,3,1,0,0,1
1727547762.656298,461,4,21536,C-RNTI,0_1,2,A,0,14,55,5,1,1.000000,1,0,0,QPSK,0,176,0.117188,0,1,780,1560,256qam,0,2,3,1,0,0,1
1727547762.677774,465,5,21536,C-RNTI,0_1,2,A,0,14,64,1,1,1.000000,1,0,0,BPSK,30,0,0.000000,2,1,0,0,256qam,0,0,3,1,0,0,1
1727547762.891931,486,5,21536,C-RNTI,0_1,2,A,0,14,61,3,1,1.000000,1,0,0,QPSK,3,408,0.438477,0,1,468,936,256qam,0,9,3,1,0,0,1
1727547762.976507,495,2,21536,C-RNTI,1_1,0,A,3,11,275,0,1,1.000000,2,0,0,BPSK,0,0,0.000000,0,0,0,0,256qam,0,6,0,1,0,0,1
1727547763.351811,531,4,21536,C-RNTI,0_1,2,A,0,14,53,18,1,1.000000,1,0,0,QPSK,1,1064,0.188477,0,0,2808,5616,256qam,0,4,3,1,0,0,1
1727547763.364129,533,4,21536,C-RNTI,0_1,2,A,0,14,15,10,1,1.000000,1,0,0,QPSK,2,984,0.300781,0,1,1560,3120,256qam,0,3,3,1,0,0,1
1727547763.400212,536,4,21536,C-RNTI,1_1,0,A,3,11,0,16,1,1.000000,2,0,0,QPSK,0,928,0.117188,0,0,3840,7680,256qam,0,10,0,1,0,0,1
1727547769.020392,74,0,21444,C-RNTI,1_1,0,A,3,11,16,63,2,1.412538,2,0,0,QPSK,0,3240,0.117188,0,0,13608,27216,256qam,0,7,1,1,2,0,1
1727547769.024917,73,8,21444,C-RNTI,1_1,0,A,3,11,275,0,2,1.412538,2,0,0,BPSK,0,0,0.000000,0,1,0,0,256qam,0,5,0,0,2,0,1
1727547769.041727,79,0,21444,C-RNTI,1_1,0,A,3,11,275,0,1,1.000000,2,0,0,BPSK,0,0,0.000000,0,1,0,0,256qam,0,0,0,0,2,0,1
1727547769.106373,85,4,21444,C-RNTI,1_1,0,A,3,11,0,64,1,1.000000,2,0,0,16QAM,9,36896,0.601562,0,0,15360,61440,256qam,0,11,0,0,2,0,1
1727547769.162958,90,8,21444,C-RNTI,1_1,0,A,3,11,0,16,1,1.000000,2,0,0,16QAM,9,9224,0.601562,0,1,3840,15360,256qam,0,5,0,0,2,0,1
1727547769.207721,95,4,24178,C-RNTI,1_1,0,A,3,11,64,15,1,1.000000,2,0,0,64QAM,11,9736,0.455078,0,1,3600,21600,256qam,0,6,1,1,2,0,1
1727547769.214328,96,1,24178,C-RNTI,1_1,0,A,3,11,0,16,2,1.412538,2,0,0,BPSK,29,0,0.000000,2,0,0,0,256qam,0,5,0,0,2,0,1
1727547769.230030,97,5,21444,C-RNTI,1_1,0,A,3,11,16,48,1,1.000000,2,0,0,BPSK,29,0,0.000000,2,1,0,0,256qam,0,8,0,0,2,0,1
1727547769.251627,99,5,21444,C-RNTI,1_1,0,A,3,11,0,79,1,1.000000,2,0,0,16QAM,7,35856,0.478516,0,1,18960,75840,256qam,0,12,0,0,2,0,1
1727547769.253347,99,6,21444,C-RNTI,1_1,0,A,3,11,16,48,1,1.000000,2,0,0,16QAM,7,22032,0.478516,0,1,11520,46080,256qam,0,13,0,0,2,0,1
1727547769.283757,101,3,21444,C-RNTI,1_1,0,A,3,11,0,79,1,1.000000,2,0,0,BPSK,29,0,0.000000,2,1,0,0,256qam,0,15,0,0,2,0,1
1727547769.299850,104,7,24178,C-RNTI,1_1,0,A,3,11,0,16,1,1.000000,2,0,0,16QAM,10,9736,0.642578,0,0,3840,15360,256qam,0,15,0,0,2,0,1
1727547769.311314,105,6,21444,C-RNTI,1_1,0,A,3,11,16,48,1,1.000000,2,0,0,BPSK,29,0,0.000000,2,0,0,0,256qam,0,13,0,0,2,0,1
1727547769.370914,108,6,21444,C-RNTI,1_1,0,A,3,11,32,32,1,1.000000,2,0,0,16QAM,9,18432,0.601562,0,1,7680,30720,256qam,0,3,0,0,2,0,1
1727547769.394680,113,0,21444,C-RNTI,1_1,0,A,3,11,16,16,1,1.000000,2,0,0,QPSK,0,928,0.117188,0,0,3840,7680,256qam,0,11,0,0,2,0,1
1727547769.396069,111,6,21444,C-RNTI,1_1,0,A,3,11,0,79,1,1.000000,2,0,0,BPSK,28,0,0.000000,2,1,0,0,256qam,0,9,0,0,2,0,1
1727547769.412313,114,3,21444,C-RNTI,1_1,0,A,3,11,0,79,1,1.000000,2,0,0,QPSK,4,22032,0.587891,0,1,18960,37920,256qam,0,0,0,0,2,0,1
1727547769.453136,118,5,21444,C-RNTI,1_1,0,A,3,11,0,79,2,1.412538,2,0,0,QPSK,4,19968,0.587891,0,1,17064,34128,256qam,0,13,0,0,2,0,1
1727547769.467202,120,5,21444,C-RNTI,1_1,0,A,3,11,0,64,2,1.412538,2,0,0,BPSK,28,0,0.000000,2,0,0,0,256qam,0,4,0,0,2,0,1
1727547769.509757,122,3,21444,C-RNTI,1_1,0,A,3,11,0,79,1,1.000000,2,0,0,QPSK,2,11272,0.300781,0,1,18960,37920,256qam,0,15,0,0,2,0,1
1727547769.513018,124,4,21444,C-RNTI,1_1,0,A,3,11,0,79,1,1.000000,2,0,0,QPSK,1,7176,0.188477,0,1,18960,37920,256qam,0,1,0,0,2,0,1
1727547769.549488,128,1,21444,C-RNTI,1_1,0,A,3,11,0,79,1,1.000000,2,0,0,16QAM,5,28168,0.369141,0,1,18960,75840,256qam,0,3,0,0,2,0,1
1727547769.560440,129,0,21444,C-RNTI,1_1,0,A,3,11,32,32,1,1.000000,2,0,0,16QAM,6,13064,0.423828,0,1,7680,30720,256qam,0,12,0,0,2,0,1
1727547769.576729,128,8,21444,C-RNTI,1_1,0,A,3,11,0,79,1,1.000000,2,0,0,16QAM,6,32264,0.423828,0,1,18960,75840,256qam,0,10,0,0,2,0,1
1727547769.579232,132,0,21444,C-RNTI,1_1,0,A,3,11,16,16,1,1.000000,2,0,0,QPSK,3,3368,0.438477,0,0,3840,7680,256qam,0,12,0,0,2,0,1
1727547769.594969,133,5,21444,C-RNTI,1_1,0,A,3,11,275,0,1,1.000000,2,0,0,BPSK,3,0,0.000000,0,0,0,0,256qam,0,4,0,0,2,0,1
1727547769.600606,133,6,21444,C-RNTI,1_1,0,A,3,11,275,0,1,1.000000,2,0,0,BPSK,3,0,0.000000,0,0,0,0,256qam,0,5,0,0,2,0,1
1727547769.624676,135,9,24178,C-RNTI,1_1,0,A,3,11,64,15,1,1.000000,2,0,0,16QAM,6,6016,0.423828,0,0,3600,14400,256qam,0,4,0,0,2,0,1
1727547769.644077,135,8,24178,C-RNTI,1_1,0,A,3,11,0,79,1,1.000000,2,0,0,16QAM,6,32264,0.423828,0,1,18960,75840,256qam,0,3,0,0,2,0,1
1727547769.680390,142,6,21444,C-RNTI,1_1,0,A,3,11,0,64,1,1.000000,2,0,0,16QAM,7,29192,0.478516,0,0,15360,61440,256qam,0,9,0,0,2,0,1
1727547769.686567,140,3,21444,C-RNTI,1_1,0,A,3,11,0,64,1,1.000000,2,0,0,16QAM,7,29192,0.478516,0,0,15360,61440,256qam,0,1,0,0,2,0,1
1727547769.717293,145,6,21444,C-RNTI,1_1,0,A,3,11,0,16,1,1.000000,2,0,0,16QAM,8,8192,0.540039,0,1,3840,15360,256qam,0,1,0,0,2,0,1
1727547769.721432,146,7,21444,C-RNTI,1_1,0,A,3,11,0,79,1,1.000000,2,0,0,16QAM,8,40976,0.540039,0,1,18960,75840,256qam,0,5,0,0,2,0,1
1727547769.724906,147,4,21444,C-RNTI,1_1,0,A,3,11,16,16,1,1.000000,2,0,0,QPSK,3,3368,0.438477,0,0,3840,7680,256qam,0,12,0,0,2,0,1
1727547769.730201,148,3,21444,C-RNTI,1_1,0,A,3,11,0,16,1,1.000000,2,0,0,BPSK,29,0,0.000000,2,1,0,0,256qam,0,13,0,0,2,0,1
1727547769.734650,146,8,21444,C-RNTI,1_1,0,A,3,11,0,79,1,1.000000,2,0,0,16QAM,8,40976,0.540039,0,0,18960,75840,256qam,0,6,0,0,2,0,1
1727547769.760467,149,4,21444,C-RNTI,1_1,0,A,3,11,16,48,1,1.000000,2,0,0,16QAM,6,19464,0.423828,0,1,11520,46080,256qam,0,0,0,0,2,0,1
1727547769.760768,150,4,21444,C-RNTI,1_1,0,A,3,11,48,16,1,1.000000,2,0,0,QPSK,3,3368,0.438477,0,1,3840,7680,256qam,0,3,0,0,2,0,1
1727547769.861844,159,1,21444,C-RNTI,1_1,0,A,3,11,32,16,1,1.000000,2,0,0,QPSK,3,3368,0.438477,0,1,3840,7680,256qam,0,0,0,0,2,0,1
1727547769.961254,170,5,21444,C-RNTI,1_1,0,A,3,11,0,79,2,1.412538,2,0,0,16QAM,6,28680,0.423828,0,1,17064,68256,256qam,0,11,0,0,2,0,1
1727547769.973285,169,8,21444,C-RNTI,1_1,0,A,3,11,0,79,1,1.000000,2,0,0,16QAM,6,32264,0.423828,0,0,18960,75840,256qam,0,4,0,0,2,0,1
1727547769.974589,168,4,21444,C-RNTI,1_1,0,A,3,11,64,15,1,1.000000,2,0,0,16QAM,8,7808,0.540039,0,0,3600,14400,256qam,0,1,0,0,2,0,1
1727547769.987034,170,4,21444,C-RNTI,1_1,0,A,3,11,275,0,1,1.000000,2,0,0,BPSK,6,0,0.000000,0,0,0,0,256qam,0,10,0,0,2,0,1
1727547769.993462,172,1,21444,C-RNTI,1_1,0,A,3,11,0,16,1,1.000000,2,0,0,16QAM,7,7296,0.478516,0,0,3840,15360,256qam,0,0,0,0,2,0,1
1727547770.051409,179,5,21444,C-RNTI,1_1,0,A,3,11,16,48,1,1.000000,2,0,0,16QAM,6,19464,0.423828,0,1,11520,46080,256qam,0,7,0,0,2,0,1
1727547770.069742,181,1,21444,C-RNTI,1_1,0,A,3,11,0,64,1,1.000000,2,0,0,16QAM,6,26120,0.423828,0,1,15360,61440,256qam,0,11,0,0,2,0,1
1727547770.083835,179,4,21444,C-RNTI,1_1,0,A,3,11,275,0,1,1.000000,2,0,0,BPSK,5,0,0.000000,0,0,0,0,256qam,0,6,0,0,2,0,1
1727547770.145625,187,0,21444,C-RNTI,1_1,0,A,3,11,0,79,1,1.000000,2,0,0,QPSK,4,22032,0.587891,0,0,18960,37920,256qam,0,1,0,0,2,0,1
1727547770.185580,192,7,21444,C-RNTI,1_1,0,A,3,11,16,48,1,1.000000,2,0,0,16QAM,5,16896,0.369141,0,1,11520,46080,256qam,0,10,0,0,2,0,1
1727547770.207054,193,7,21444,C-RNTI,1_1,0,A,3,11,0,47,1,1.000000,2,0,0,16QAM,6,18960,0.423828,0,0,11280,45120,256qam,0,12,0,0,2,0,1
1727547770.300398,201,3,21444,C-RNTI,1_1,0,A,3,11,0,64,1,1.000000,2,0,0,16QAM,5,22536,0.369141,0,0,15360,61440,256qam,0,5,0,0,2,0,1
1727547770.498078,222,7,21444,C-RNTI,1_1,0,A,3,11,0,64,1,1.000000,2,0,0,16QAM,9,36896,0.601562,0,1,15360,61440,256qam,0,9,0,0,2,0,1
1727547770.504362,225,7,21444,C-RNTI,1_1,0,A,3,11,16,16,1,1.000000,2,0,0,QPSK,3,3368,0.438477,0,0,3840,7680,256qam,0,3,0,0,2,0,1
1727547770.509324,226,1,21444,C-RNTI,1_1,0,A,3,11,0,48,1,1.000000,2,0,0,BPSK,29,0,0.000000,2,0,0,0,256qam,0,1,0,0,2,0,1
1727547770.516858,227,0,21444,C-RNTI,1_1,0,A,3,11,0,79,1,1.000000,2,0,0,16QAM,10,49176,0.642578,0,1,18960,75840,256qam,0,6,0,0,2,0,1
1727547770.526388,227,8,21444,C-RNTI,1_1,0,A,3,11,275,0,1,1.000000,2,0,0,BPSK,29,0,0.000000,2,0,0,0,256qam,0,7,0,0,2,0,1
1727547770.555821,229,2,21444,C-RNTI,1_1,0,A,3,11,0,79,1,1.000000,2,0,0,QPSK,4,22032,0.587891,0,0,18960,37920,256qam,0,10,0,0,2,0,1
1727547770.606382,232,0,21444,C-RNTI,1_1,0,A,3,11,32,16,1,1.000000,2,0,0,QPSK,2,2408,0.300781,0,0,3840,7680,256qam,0,6,0,0,2,0,1
1727547770.639182,235,4,21444,C-RNTI,1_1,0,A,3,11,275,0,1,1.000000,2,0,0,BPSK,0,0,0.000000,0,0,0,0,256qam,0,15,0,0,2,0,1
1727547770.650886,237,0,21444,C-RNTI,1_1,0,A,3,11,0,64,1,1.000000,2,0,0,16QAM,6,26120,0.423828,0,1,15360,61440,256qam,0,8,0,0,2,0,1
1727547770.658180,236,6,21444,C-RNTI,1_1,0,A,3,11,64,15,1,1.000000,2,0,0,16QAM,6,6016,0.423828,0,0,3600,14400,256qam,0,4,1,1,2,0,1
1727547770.671355,241,0,21444,C-RNTI,1_1,0,A,3,11,0,79,1,1.000000,2,0,0,QPSK,2,11272,0.300781,0,1,18960,37920,256qam,0,7,0,0,2,0,1
1727547770.673922,238,9,21444,C-RNTI,1_1,0,A,3,11,0,64,1,1.000000,2,0,0,QPSK,3,13576,0.438477,0,1,15360,30720,256qam,0,2,0,0,2,0,1
1727547770.732508,246,3,21444,C-RNTI,1_1,0,A,3,11,16,48,1,1.000000,2,0,0,BPSK,28,0,0.000000,2,1,0,0,256qam,0,15,0,0,2,0,1
1727547770.771890,249,2,21444,C-RNTI,1_1,0,A,3,11,0,79,1,1.000000,2,0,0,QPSK,4,22032,0.587891,0,0,18960,37920,256qam,0,12,0,0,2,0,1
1727547770.789460,253,2,21444,C-RNTI,1_1,0,A,3,11,0,79,1,1.000000,2,0,0,QPSK,4,22032,0.587891,0,0,18960,37920,256qam,0,7,0,0,2,0,1
1727547770.842998,257,0,21444,C-RNTI,1_1,0,A,3,11,0,64,1,1.000000,2,0,0,16QAM,7,29192,0.478516,0,1,15360,61440,256qam,0,11,0,0,2,0,1
1727547770.873604,261,0,21444,C-RNTI,1_1,0,A,3,11,275,0,1,1.000000,2,0,0,BPSK,0,0,0.000000,0,1,0,0,256qam,0,4,0,0,2,0,1
1727547770.875244,260,6,21444,C-RNTI,1_1,0,A,3,11,0,64,1,1.000000,2,0,0,16QAM,9,36896,0.601562,0,0,15360,61440,256qam,0,3,0,0,2,0,1
1727547770.891893,262,3,21444,C-RNTI,1_1,0,A,3,11,0,32,1,1.000000,2,0,0,16QAM,5,11272,0.369141,0,1,7680,30720,256qam,0,9,0,0,2,0,1
1727547770.921976,263,5,21444,C-RNTI,1_1,0,A,3,11,0,64,1,1.000000,2,0,0,16QAM,7,29192,0.478516,0,1,15360,61440,256qam,0,1,0,0,2,0,1
1727547770.932346,263,3,21444,C-RNTI,1_1,0,A,3,11,275,0,1,1.000000,2,0,0,BPSK,7,0,0.000000,0,0,0,0,256qam,0,15,0,0,2,0,1
1727547771.047067,277,5,21444,C-RNTI,1_1,0,A,3,11,0,79,1,1.000000,2,0,0,BPSK,28,0,0.000000,2,0,0,0,256qam,0,2,0,0,2,0,1
1727547771.053775,277,0,21444,C-RNTI,1_1,0,A,3,11,48,16,1,1.000000,2,0,0,QPSK,0,928,0.117188,0,1,3840,7680,256qam,0,4,0,0,2,0,1
1727547771.125255,283,0,21444,C-RNTI,1_1,0,A,3,11,0,64,1,1.000000,2,0,0,16QAM,5,22536,0.369141,0,0,15360,61440,256qam,0,10,0,0,2,0,1
1727547771.134456,286,0,21444,C-RNTI,1_1,0,A,3,11,16,63,1,1.000000,2,0,0,QPSK,4,17928,0.587891,0,1,15120,30240,256qam,0,3,0,0,2,0,1
1727547771.139778,286,1,21444,C-RNTI,1_1,0,A,3,11,0,32,1,1.000000,2,0,0,QPSK,4,8968,0.587891,0,1,7680,15360,256qam,0,4,0,0,2,0,1
1727547771.159007,289,4,21444,C-RNTI,1_1,0,A,3,11,48,16,1,1.000000,2,0,0,QPSK,0,928,0.117188,0,0,3840,7680,256qam,0,0,0,0,2,0,1
1727547771.160090,288,4,21444,C-RNTI,1_1,0,A,3,11,0,79,1,1.000000,2,0,0,QPSK,4,22032,0.587891,0,0,18960,37920,256qam,0,13,0,0,2,0,1
1727547771.217744,293,7,21444,C-RNTI,1_1,0,A,3,11,0,79,1,1.000000,2,0,0,16QAM,5,28168,0.369141,0,1,18960,75840,256qam,0,11,0,0,2,0,1
1727547771.238243,297,4,21444,C-RNTI,1_1,0,A,3,11,0,79,1,1.000000,2,0,0,QPSK,4,22032,0.587891,0,1,18960,37920,256qam,0,12,0,0,2,0,1
1727547771.298290,302,5,21444,C-RNTI,1_1,0,A,3,11,0,79,2,1.412538,2,0,0,QPSK,4,19968,0.587891,0,1,17064,34128,256qam,0,10,0,0,2,0,1
1727547771.320626,304,3,21444,C-RNTI,1_1,0,A,3,11,0,79,1,1.000000,2,0,0,16QAM,5,28168,0.369141,0,1,18960,75840,256qam,0,4,0,0,2,0,1
1727547771.354929,310,0,21444,C-RNTI,1_1,0,A,3,11,16,16,1,1.000000,2,0,0,QPSK,0,928,0.117188,0,1,3840,7680,256qam,0,9,0,0,2,0,1
1727547771.359001,309,0,21444,C-RNTI,1_1,0,A,3,11,275,0,1,1.000000,2,0,0,BPSK,5,0,0.000000,0,0,0,0,256qam,0,6,0,0,2,0,1
1727547771.411333,314,3,21444,C-RNTI,1_1,0,A,3,11,0,79,1,1.000000,2,0,0,QPSK,4,22032,0.587891,0,1,18960,37920,256qam,0,6,0,0,2,0,1
1727547771.427325,316,4,21444,C-RNTI,1_1,0,A,3,11,0,48,1,1.000000,2,0,0,BPSK,28,0,0.000000,2,1,0,0,256qam,0,11,0,0,2,0,1
1727547771.495383,322,6,21444,C-RNTI,1_1,0,A,3,11,275,0,1,1.000000,2,0,0,BPSK,0,0,0.000000,0,0,0,0,256qam,0,2,0,0,2,0,1
1727547771.512602,324,6,21444,C-RNTI,1_1,0,A,3,11,0,79,1,1.000000,2,0,0,QPSK,2,11272,0.300781,0,0,18960,37920,256qam,0,15,1,1,2,0,1
1727547771.529375,326,0,21444,C-RNTI,1_1,0,A,3,11,16,63,1,1.000000,2,0,0,QPSK,3,13320,0.438477,0,1,15120,30240,256qam,0,7,0,0,2,0,1
1727547771.563718,326,1,21444,C-RNTI,1_1,0,A,3,11,0,79,1,1.000000,2,0,0,QPSK,3,16392,0.438477,0,0,18960,37920,256qam,0,8,0,0,2,0,1
1727547771.574730,331,0,21444,C-RNTI,1_1,0,A,3,11,0,79,1,1.000000,2,0,0,QPSK,3,16392,0.438477,0,0,18960,37920,256qam,0,2,0,0,2,0,1
1727547771.657641,339,0,21444,C-RNTI,1_1,0,A,3,11,0,31,1,1.000000,2,0,0,QPSK,4,8712,0.587891,0,1,7440,14880,256qam,0,7,0,0,2,0,1
1727547771.665944,338,6,21444,C-RNTI,1_1,0,A,3,11,0,79,1,1.000000,2,0,0,QPSK,4,22032,0.587891,0,0,18960,37920,256qam,0,4,1,1,2,0,1
1727547771.679010,338,3,21444,C-RNTI,1_1,0,A,3,11,32,32,1,1.000000,2,0,0,QPSK,4,8968,0.587891,0,0,7680,15360,256qam,0,2,0,0,2,0,1
1727547771.739455,348,5,21444,C-RNTI,1_1,0,A,3,11,0,79,2,1.412538,2,0,0,16QAM,5,25104,0.369141,0,1,17064,68256,256qam,0,6,0,0,2,0,1
1727547771.746745,346,4,21444,C-RNTI,1_1,0,A,3,11,0,79,1,1.000000,2,0,0,BPSK,28,0,0.000000,2,0,0,0,256qam,0,10,0,0,2,0,1
1727547771.776586,349,6,21444,C-RNTI,1_1,0,A,3,11,0,79,1,1.000000,2,0,0,16QAM,5,28168,0.369141,0,1,18960,75840,256qam,0,0,0,0,2,0,1
1727547771.798588,351,4,21444,C-RNTI,1_1,0,A,3,11,0,79,1,1.000000,2,0,0,16QAM,6,32264,0.423828,0,1,18960,75840,256qam,0,2,0,0,2,0,1
1727547771.801213,353,6,21444,C-RNTI,1_1,0,A,3,11,0,79,1,1.000000,2,0,0,QPSK,4,22032,0.587891,0,0,18960,37920,256qam,0,2,0,0,2,0,1
1727547771.808204,354,1,21444,C-RNTI,1_1,0,A,3,11,0,79,1,1.000000,2,0,0,QPSK,4,22032,0.587891,0,0,18960,37920,256qam,0,6,0,0,2,0,1
1727547771.818855,355,1,21444,C-RNTI,1_1,0,A,3,11,0,79,1,1.000000,2,0,0,QPSK,4,22032,0.587891,0,0,18960,37920,256qam,0,0,0,0,2,0,1
1727547771.849211,356,1,21444,C-RNTI,1_1,0,A,3,11,0,63,1,1.000000,2,0,0,QPSK,4,17928,0.587891,0,1,15120,30240,256qam,0,8,0,0,2,0,1
1727547771.885758,362,0,21444,C-RNTI,1_1,0,A,3,11,16,63,1,1.000000,2,0,0,QPSK,3,13320,0.438477,0,1,15120,30240,256qam,0,5,0,0,2,0,1
1727547771.967002,369,0,21444,C-RNTI,1_1,0,A,3,11,0,79,1,1.000000,2,0,0,QPSK,2,11272,0.300781,0,1,18960,37920,256qam,0,15,0,0,2,0,1
1727547771.998988,372,6,21444,C-RNTI,1_1,0,A,3,11,0,64,1,1.000000,2,0,0,16QAM,5,22536,0.369141,0,0,15360,61440,256qam,0,4,1,1,2,0,1
1727547772.012944,371,9,21444,C-RNTI,1_1,0,A,3,11,0,64,1,1.000000,2,0,0,16QAM,5,22536,0.369141,0,1,15360,61440,256qam,0,2,0,0,2,0,1
1727547772.035462,375,9,21444,C-RNTI,1_1,0,A,3,11,0,48,1,1.000000,2,0,0,BPSK,28,0,0.000000,2,1,0,0,256qam,0,14,0,0,2,0,1
1727547772.046348,376,8,21444,C-RNTI,1_1,0,A,3,11,0,79,1,1.000000,2,0,0,QPSK,4,22032,0.587891,0,0,18960,37920,256qam,0,3,0,0,2,0,1
1727547772.070070,379,5,21444,C-RNTI,1_1,0,A,3,11,0,79,1,1.000000,2,0,0,16QAM,5,28168,0.369141,0,1,18960,75840,256qam,0,5,0,0,2,0,1
1727547772.081811,381,6,21444,C-RNTI,1_1,0,A,3,11,0,79,1,1.000000,2,0,0,QPSK,2,11272,0.300781,0,1,18960,37920,256qam,0,6,0,0,2,0,1
1727547772.123117,385,4,21444,C-RNTI,1_1,0,A,3,11,0,79,1,1.000000,2,0,0,QPSK,4,22032,0.587891,0,1,18960,37920,256qam,0,10,0,0,2,0,1
1727547772.213702,393,1,21444,C-RNTI,1_1,0,A,3,11,0,79,1,1.000000,2,0,0,QPSK,2,11272,0.300781,0,1,18960,37920,256qam,0,0,0,0,2,0,1
1727547772.238957,396,0,21444,C-RNTI,1_1,0,A,3,11,16,63,1,1.000000,2,0,0,QPSK,3,13320,0.438477,0,1,15120,30240,256qam,0,1,0,0,2,0,1
1727547772.257130,397,3,21444,C-RNTI,1_1,0,A,3,11,0,79,1,1.000000,2,0,0,QPSK,2,11272,0.300781,0,1,18960,37920,256qam,0,8,0,0,2,0,1
1727547772.350652,405,6,21444,C-RNTI,1_1,0,A,3,11,0,79,1,1.000000,2,0,0,QPSK,0,4488,0.117188,0,0,18960,37920,256qam,0,8,0,0,2,0,1
1727547772.423100,413,5,21444,C-RNTI,1_1,0,A,3,11,0,64,1,1.000000,2,0,0,BPSK,29,0,0.000000,3,1,0,0,256qam,0,5,0,0,2,0,1
1727547772.444638,418,2,21444,C-RNTI,1_1,0,A,3,11,275,0,1,1.000000,2,0,0,BPSK,7,0,0.000000,0,0,0,0,256qam,0,15,0,0,2,0,1
1727547772.452514,419,0,21444,C-RNTI,1_1,0,A,3,11,275,0,1,1.000000,2,0,0,BPSK,0,0,0.000000,0,0,0,0,256qam,0,0,0,0,2,0,1
1727547772.504258,425,6,21444,C-RNTI,1_1,0,A,3,11,48,16,1,1.000000,2,0,0,BPSK,29,0,0.000000,2,1,0,0,256qam,0,0,0,0,2,0,1
1727547772.529190,426,7,21444,C-RNTI,1_1,0,A,3,11,0,79,1,1.000000,2,0,0,16QAM,5,28168,0.369141,0,0,18960,75840,256qam,0,8,0,0,2,0,1
1727547772.548578,426,4,21444,C-RNTI,1_1,0,A,3,11,48,31,1,1.000000,2,0,0,16QAM,5,11016,0.369141,0,0,7440,29760,256qam,0,6,0,0,2,0,1
1727547772.565174,428,8,21444,C-RNTI,1_1,0,A,3,11,0,64,1,1.000000,2,0,0,BPSK,29,0,0.000000,2,0,0,0,256qam,0,10,0,0,2,0,1
1727547772.601346,434,8,21444,C-RNTI,1_1,0,A,3,11,0,79,1,1.000000,2,0,0,16QAM,7,35856,0.478516,0,0,18960,75840,256qam,0,6,0,0,2,0,1
1727547772.631357,437,3,21444,C-RNTI,1_1,0,A,3,11,0,79,1,1.000000,2,0,0,QPSK,4,22032,0.587891,0,0,18960,37920,256qam,0,1,0,0,2,0,1
1727547772.665058,440,6,21444,C-RNTI,1_1,0,A,3,11,16,32,1,1.000000,2,0,0,QPSK,4,8968,0.587891,0,0,7680,15360,256qam,0,6,0,0,2,0,1
1727547772.676174,439,2,21444,C-RNTI,1_1,0,A,3,11,0,64,1,1.000000,2,0,0,QPSK,4,17928,0.587891,0,1,15360,30720,256qam,0,11,0,0,2,0,1
1727547772.689409,440,0,21444,C-RNTI,1_1,0,A,3,11,64,15,1,1.000000,2,0,0,QPSK,4,4224,0.587891,0,0,3600,7200,256qam,0,0,0,0,2,0,1
1727547772.760579,447,4,21444,C-RNTI,1_1,0,A,3,11,0,79,1,1.000000,2,0,0,QPSK,4,22032,0.587891,0,0,18960,37920,256qam,0,11,0,0,2,0,1
1727547772.895655,461,2,21444,C-RNTI,1_1,0,A,3,11,32,16,1,1.000000,2,0,0,QPSK,3,3368,0.438477,0,1,3840,7680,256qam,0,5,0,0,2,0,1
1727547772.900475,463,0,21444,C-RNTI,1_1,0,A,3,11,0,79,1,1.000000,2,0,0,QPSK,3,16392,0.438477,0,1,18960,37920,256qam,0,15,0,0,2,0,1
1727547772.923655,466,0,21444,C-RNTI,1_1,0,A,3,11,16,63,1,1.000000,2,0,0,QPSK,4,17928,0.587891,0,0,15120,30240,256qam,0,11,0,0,2,0,1
1727547772.935556,464,9,21444,C-RNTI,1_1,0,A,3,11,0,79,1,1.000000,2,0,0,QPSK,4,22032,0.587891,0,1,18960,37920,256qam,0,7,0,0,2,0,1
1727547772.937843,468,0,21444,C-RNTI,1_1,0,A,3,11,275,0,1,1.000000,2,0,0,BPSK,28,0,0.000000,2,0,0,0,256qam,0,3,0,0,2,0,1
1727547772.942831,468,3,21444,C-RNTI,1_1,0,A,3,11,0,79,1,1.000000,2,0,0,QPSK,4,22032,0.587891,0,1,18960,37920,256qam,0,8,0,0,2,0,1
1727547772.989297,474,1,21444,C-RNTI,1_1,0,A,3,11,0,79,1,1.000000,2,0,0,QPSK,4,22032,0.587891,0,0,18960,37920,256qam,0,11,0,0,2,0,1
1727547773.011615,472,7,21444,C-RNTI,1_1,0,A,3,11,0,79,1,1.000000,2,0,0,16QAM,5,28168,0.369141,0,0,18960,75840,256qam,0,5,0,0,2,0,1
1727547773.023580,475,0,21444,C-RNTI,1_1,0,A,3,11,32,16,1,1.000000,2,0,0,16QAM,5,5632,0.369141,0,0,3840,15360,256qam,0,15,0,0,2,2,1
1727547773.115396,483,9,21444,C-RNTI,1_1,0,A,3,11,0,79,1,1.000000,2,0,0,16QAM,5,28168,0.369141,0,1,18960,75840,256qam,0,0,0,0,2,0,1
1727547773.120155,483,8,21444,C-RNTI,1_1,0,A,3,11,32,32,1,1.000000,2,0,0,16QAM,5,11272,0.369141,0,0,7680,30720,256qam,0,15,0,0,2,0,1
1727547773.166080,487,5,21444,C-RNTI,1_1,0,A,3,11,48,16,1,1.000000,2,0,0,QPSK,0,928,0.117188,0,1,3840,7680,256qam,0,13,0,0,2,0,1
1727547773.204026,492,5,21444,C-RNTI,1_1,0,A,3,11,0,79,1,1.000000,2,0,0,QPSK,4,22032,0.587891,0,0,18960,37920,256qam,0,14,0,0,2,0,1
1727547773.228742,496,3,21444,C-RNTI,1_1,0,A,3,11,0,79,1,1.000000,2,0,0,QPSK,3,16392,0.438477,0,1,18960,37920,256qam,0,14,0,0,2,0,1
1727547773.299413,501,0,21444,C-RNTI,1_1,0,A,3,11,0,63,1,1.000000,2,0,0,QPSK,4,17928,0.587891,0,1,15120,30240,256qam,0,11,0,0,2,0,1
1727547773.316175,502,3,21444,C-RNTI,1_1,0,A,3,11,0,79,2,1.412538,2,0,0,QPSK,3,14856,0.438477,0,0,17064,34128,256qam,0,8,0,0,2,0,1
1727547773.352543,507,7,21444,C-RNTI,1_1,0,A,3,11,0,79,1,1.000000,2,0,0,16QAM,5,28168,0.369141,0,0,18960,75840,256qam,0,3,0,0,2,0,1
1727547773.527146,524,6,21444,C-RNTI,1_1,0,A,3,11,275,0,1,1.000000,2,0,0,BPSK,28,0,0.000000,2,0,0,0,256qam,0,10,0,0,2,0,1
1727547773.530451,524,7,21444,C-RNTI,1_1,0,A,3,11,48,31,1,1.000000,2,0,0,QPSK,4,8712,0.587891,0,0,7440,14880,256qam,0,12,0,0,2,0,1
1727547773.626571,536,3,21444,C-RNTI,1_1,0,A,3,11,0,79,1,1.000000,2,0,0,QPSK,2,11272,0.300781,0,1,18960,37920,256qam,0,12,0,0,2,0,1
1727547773.694745,540,5,21444,C-RNTI,1_1,0,A,3,11,0,79,1,1.000000,2,0,0,QPSK,2,11272,0.300781,0,0,18960,37920,256qam,0,2,0,0,2,0,1
1727547773.728734,542,5,21444,C-RNTI,1_1,0,A,3,11,0,79,1,1.000000,2,0,0,QPSK,3,16392,0.438477,0,1,18960,37920,256qam,0,12,0,0,2,0,1
1727547773.760322,547,0,21444,C-RNTI,1_1,0,A,3,11,0,79,1,1.000000,2,0,0,QPSK,2,11272,0.300781,0,0,18960,37920,256qam,0,14,0,0,2,0,1
1727547773.836579,555,5,21444,C-RNTI,1_1,0,A,3,11,0,79,1,1.000000,2,0,0,QPSK,0,4488,0.117188,0,0,18960,37920,256qam,0,2,0,0,2,0,1
1727547773.872593,557,5,21444,C-RNTI,1_1,0,A,3,11,0,79,1,1.000000,2,0,0,QPSK,0,4488,0.117188,0,1,18960,37920,256qam,0,6,0,0,2,0,1
1727547773.897312,561,9,21444,C-RNTI,1_1,0,A,3,11,0,63,1,1.000000,2,0,0,QPSK,3,13320,0.438477,0,1,15120,30240,256qam,0,2,0,0,2,0,1
1727547773.919774,565,7,21444,C-RNTI,1_1,0,A,3,11,0,79,1,1.000000,2,0,0,QPSK,3,16392,0.438477,0,0,18960,37920,256qam,0,10,0,0,2,0,1
1727547773.936786,563,2,21444,C-RNTI,1_1,0,A,3,11,0,79,1,1.000000,2,0,0,QPSK,3,16392,0.438477,0,0,18960,37920,256qam,0,7,0,0,2,0,1
1727547773.978345,567,6,21444,C-RNTI,1_1,0,A,3,11,16,63,1,1.000000,2,0,0,QPSK,2,8968,0.300781,0,0,15120,30240,256qam,0,4,1,1,2,0,1
1727547773.979363,566,2,21444,C-RNTI,1_1,0,A,3,11,0,79,1,1.000000,2,0,0,QPSK,2,11272,0.300781,0,1,18960,37920,256qam,0,15,0,0,2,0,1
1727547774.060434,577,6,21444,C-RNTI,1_1,0,A,3,11,0,79,1,1.000000,2,0,0,QPSK,4,22032,0.587891,0,0,18960,37920,256qam,0,1,0,0,2,0,1
1727547774.069744,580,1,21444,C-RNTI,1_1,0,A,3,11,0,64,2,1.412538,2,0,0,QPSK,3,12040,0.438477,0,1,13824,27648,256qam,0,5,0,0,2,0,1
1727547774.178686,587,9,21444,C-RNTI,1_1,0,A,3,11,0,16,1,1.000000,2,0,0,QPSK,0,928,0.117188,0,1,3840,7680,256qam,0,15,0,0,2,0,1
1727547774.181527,591,0,21444,C-RNTI,1_1,0,A,3,11,0,79,2,1.412538,2,0,0,QPSK,4,19968,0.587891,0,0,17064,34128,256qam,0,0,0,0,2,0,1
1727547774.194423,593,9,21444,C-RNTI,1_1,0,A,3,11,0,64,1,1.000000,2,0,0,BPSK,28,0,0.000000,2,1,0,0,256qam,0,8,0,0,2,0,1
1727547774.218529,595,1,21444,C-RNTI,1_1,0,A,3,11,0,79,1,1.000000,2,0,0,QPSK,3,16392,0.438477,0,1,18960,37920,256qam,0,14,1,1,2,0,1
1727547774.230063,595,0,21444,C-RNTI,1_1,0,A,3,11,0,79,2,1.412538,2,0,0,QPSK,3,14856,0.438477,0,0,17064,34128,256qam,0,13,0,0,2,0,1
1727547774.295976,598,9,21444,C-RNTI,1_1,0,A,3,11,0,79,1,1.000000,2,0,0,QPSK,4,22032,0.587891,0,0,18960,37920,256qam,0,4,0,0,2,0,1
1727547774.298654,601,4,21444,C-RNTI,1_1,0,A,3,11,0,79,1,1.000000,2,0,0,QPSK,3,16392,0.438477,0,0,18960,37920,256qam,0,8,0,0,2,0,1
1727547774.310801,603,3,21444,C-RNTI,1_1,0,A,3,11,0,79,1,1.000000,2,0,0,QPSK,3,16392,0.438477,0,0,18960,37920,256qam,0,11,0,0,2,0,1
1727547774.341818,607,0,21444,C-RNTI,1_1,0,A,3,11,64,15,1,1.000000,2,0,0,QPSK,3,3240,0.438477,0,1,3600,7200,256qam,0,0,0,0,2,0,1
1727547774.396847,613,4,21444,C-RNTI,1_1,0,A,3,11,0,79,1,1.000000,2,0,0,QPSK,3,16392,0.438477,0,1,18960,37920,256qam,0,9,0,0,2,0,1
1727547774.440975,616,8,23688,C-RNTI,1_1,0,A,3,11,48,16,1,1.000000,2,0,0,QPSK,3,3368,0.438477,0,1,3840,7680,256qam,0,7,0,0,2,0,1
1727547774.482049,620,5,21444,C-RNTI,1_1,0,A,3,11,64,15,1,1.000000,2,0,0,QPSK,3,3240,0.438477,0,0,3600,7200,256qam,0,15,0,0,2,0,1
1727547774.530119,625,1,21444,C-RNTI,1_1,0,A,3,11,16,32,1,1.000000,2,0,0,QPSK,3,6656,0.438477,0,0,7680,15360,256qam,0,10,0,0,2,0,1
1727547774.557811,628,5,21444,C-RNTI,1_1,0,A,3,11,16,31,2,1.412538,2,0,0,QPSK,3,5888,0.438477,0,0,6696,13392,256qam,0,14,0,0,2,0,1
1727547774.618371,631,8,21444,C-RNTI,1_1,0,A,3,11,0,79,1,1.000000,2,0,0,QPSK,2,11272,0.300781,0,1,18960,37920,256qam,0,6,0,0,2,0,1
1727547774.634959,634,9,21444,C-RNTI,1_1,0,A,3,11,0,79,2,1.412538,2,0,0,QPSK,2,10248,0.300781,0,0,17064,34128,256qam,0,4,0,0,2,0,1
1727547774.644946,635,1,21444,C-RNTI,1_1,0,A,3,11,0,79,1,1.000000,2,0,0,QPSK,2,11272,0.300781,0,1,18960,37920,256qam,0,6,0,0,2,0,1
1727547774.729434,644,6,21444,C-RNTI,1_1,0,A,3,11,0,63,1,1.000000,2,0,0,QPSK,2,8968,0.300781,0,1,15120,30240,256qam,0,5,0,0,2,0,1
1727547774.739229,648,0,23688,C-RNTI,1_1,0,A,3,11,16,16,1,1.000000,2,0,0,QPSK,1,1480,0.188477,0,0,3840,7680,256qam,0,8,0,0,2,0,1
1727547774.786624,651,8,21444,C-RNTI,1_1,0,A,3,11,0,79,1,1.000000,2,0,0,QPSK,3,16392,0.438477,0,1,18960,37920,256qam,0,13,0,0,2,0,1
1727547774.827244,652,7,21444,C-RNTI,1_1,0,A,3,11,0,79,1,1.000000,2,0,0,QPSK,3,16392,0.438477,0,0,18960,37920,256qam,0,6,0,0,2,0,1
1727547774.917005,662,7,21444,C-RNTI,1_1,0,A,3,11,0,31,1,1.000000,2,0,0,16QAM,6,12552,0.423828,0,1,7440,29760,256qam,0,7,0,0,2,0,1
1727547774.933437,664,0,21444,C-RNTI,1_1,0,A,3,11,48,31,1,1.000000,2,0,0,QPSK,4,8712,0.587891,0,1,7440,14880,256qam,0,12,0,0,2,0,1
1727547774.939542,664,4,21444,C-RNTI,1_1,0,A,3,11,0,79,1,1.000000,2,0,0,QPSK,4,22032,0.587891,0,1,18960,37920,256qam,0,0,0,0,2,0,1
1727547774.968334,668,9,21444,C-RNTI,1_1,0,A,3,11,0,79,1,1.000000,2,0,0,QPSK,4,22032,0.587891,0,0,18960,37920,256qam,0,14,0,0,2,0,1
1727547774.996814,671,4,21444,C-RNTI,1_1,0,A,3,11,0,31,1,1.000000,2,0,0,16QAM,6,12552,0.423828,0,0,7440,29760,256qam,0,4,0,0,2,2,1
1727547775.004672,674,0,21444,C-RNTI,1_1,0,A,3,11,16,63,1,1.000000,2,0,0,BPSK,29,0,0.000000,2,0,0,0,256qam,0,10,0,0,2,0,1
1727547775.050290,679,3,21444,C-RNTI,1_1,0,A,3,11,0,79,1,1.000000,2,0,0,QPSK,3,16392,0.438477,0,0,18960,37920,256qam,0,9,0,0,2,0,1
1727547775.071741,681,7,21444,C-RNTI,1_1,0,A,3,11,0,63,1,1.000000,2,0,0,QPSK,4,17928,0.587891,0,0,15120,30240,256qam,0,8,1,1,2,0,1
1727547775.084837,683,1,21444,C-RNTI,1_1,0,A,3,11,0,79,1,1.000000,2,0,0,QPSK,4,22032,0.587891,0,0,18960,37920,256qam,0,0,0,0,2,0,1
1727547775.100931,681,0,21444,C-RNTI,1_1,0,A,3,11,16,48,1,1.000000,2,0,0,QPSK,4,13576,0.587891,0,0,11520,23040,256qam,0,5,0,0,2,0,1
1727547775.171041,690,8,21444,C-RNTI,1_1,0,A,3,11,0,16,1,1.000000,2,0,0,BPSK,29,0,0.000000,2,1,0,0,256qam,0,9,0,0,2,0,1
1727547775.243888,698,2,21444,C-RNTI,1_1,0,A,3,11,0,79,1,1.000000,2,0,0,BPSK,28,0,0.000000,2,1,0,0,256qam,0,9,0,0,2,0,1
1727547775.245952,696,6,21444,C-RNTI,1_1,0,A,3,11,0,79,1,1.000000,2,0,0,BPSK,28,0,0.000000,3,0,0,0,256qam,0,9,0,0,2,0,1
1727547775.284155,698,0,21444,C-RNTI,1_1,0,A,3,11,16,63,1,1.000000,2,0,0,QPSK,4,17928,0.587891,0,1,15120,30240,256qam,0,12,0,0,2,0,1
1727547775.292640,703,9,21444,C-RNTI,1_1,0,A,3,11,0,31,1,1.000000,2,0,0,QPSK,3,6528,0.438477,0,1,7440,14880,256qam,0,5,0,0,2,2,1
1727547775.326562,704,4,21444,C-RNTI,1_1,0,A,3,11,0,79,1,1.000000,2,0,0,QPSK,3,16392,0.438477,0,1,18960,37920,256qam,0,9,0,0,2,0,1
1727547775.372782,709,5,21444,C-RNTI,1_1,0,A,3,11,0,63,1,1.000000,2,0,0,QPSK,3,13320,0.438477,0,0,15120,30240,256qam,0,12,0,0,2,0,1
1727547775.413521,711,7,21444,C-RNTI,1_1,0,A,3,11,0,79,2,1.412538,2,0,0,QPSK,3,14856,0.438477,0,0,17064,34128,256qam,0,2,0,0,2,0,1
1727547775.417202,714,0,21444,C-RNTI,1_1,0,A,3,11,16,16,1,1.000000,2,0,0,QPSK,0,928,0.117188,0,0,3840,7680,256qam,0,6,0,0,2,0,1
1727547775.423357,713,2,21444,C-RNTI,1_1,0,A,3,11,0,79,2,1.412538,2,0,0,QPSK,3,14856,0.438477,0,0,17064,34128,256qam,0,15,0,0,2,0,1
1727547775.449016,719,1,21444,C-RNTI,1_1,0,A,3,11,0,79,1,1.000000,2,0,0,QPSK,4,22032,0.587891,0,1,18960,37920,256qam,0,10,0,0,2,0,1
1727547775.468404,717,3,21444,C-RNTI,1_1,0,A,3,11,0,63,2,1.412538,2,0,0,QPSK,4,15880,0.587891,0,0,13608,27216,256qam,0,3,0,0,2,0,1
1727547775.479607,721,4,21444,C-RNTI,1_1,0,A,3,11,0,79,2,1.412538,2,0,0,16QAM,7,32776,0.478516,0,1,17064,68256,256qam,0,1,0,0,2,0,1
1727547775.506596,723,9,21444,C-RNTI,1_1,0,A,3,11,0,79,1,1.000000,2,0,0,BPSK,29,0,0.000000,2,1,0,0,256qam,0,4,0,0,2,0,1
1727547775.515720,726,6,21444,C-RNTI,1_1,0,A,3,11,0,79,1,1.000000,2,0,0,QPSK,4,22032,0.587891,0,0,18960,37920,256qam,0,1,0,0,2,0,1
1727547775.568119,728,1,21444,C-RNTI,1_1,0,A,3,11,275,0,1,1.000000,2,0,0,BPSK,3,0,0.000000,0,1,0,0,256qam,0,9,0,0,2,0,1
1727547782.915236,440,3,22952,C-RNTI,1_1,0,A,3,11,275,0,1,1.000000,2,0,0,BPSK,0,0,0.000000,0,1,0,0,256qam,0,3,0,0,2,0,1
1727547783.324086,482,0,22952,C-RNTI,1_1,0,A,3,11,16,16,2,1.412538,2,0,0,QPSK,0,808,0.117188,0,0,3456,6912,256qam,0,8,0,0,2,0,1
1727547783.326393,480,6,22952,C-RNTI,1_1,0,A,3,11,0,32,1,1.000000,2,0,0,16QAM,6,13064,0.423828,0,0,7680,30720,256qam,0,6,2,2,2,0,1
1727547783.469819,494,0,22952,C-RNTI,1_1,0,A,3,11,16,16,1,1.000000,2,0,0,QPSK,4,4480,0.587891,0,0,3840,7680,256qam,0,2,0,0,2,0,1
1727547783.589803,507,0,22952,C-RNTI,1_1,0,A,3,11,275,0,1,1.000000,2,0,0,BPSK,1,0,0.000000,0,1,0,0,256qam,0,7,0,0,2,0,1
1727547791.745356,299,2,22992,C-RNTI,1_1,0,A,3,11,0,16,1,1.000000,2,0,0,QPSK,3,3368,0.438477,0,1,3840,7680,256qam,0,13,0,0,2,0,1
1727547791.756683,298,9,22992,C-RNTI,1_1,0,A,3,11,275,0,1,1.000000,2,0,0,BPSK,0,0,0.000000,0,1,0,0,256qam,0,12,0,0,2,0,1
1727547791.790842,303,4,22992,C-RNTI,1_1,0,A,3,11,275,0,1,1.000000,2,0,0,BPSK,3,0,0.000000,0,1,0,0,256qam,0,0,0,0,2,0,1
1727547791.961461,321,0,22992,C-RNTI,1_1,0,A,3,11,275,0,2,1.412538,2,0,0,BPSK,29,0,0.000000,2,0,0,0,256qam,0,10,0,0,2,0,1
1727547791.964517,319,4,22992,C-RNTI,1_1,0,A,3,11,275,0,1,1.000000,2,0,0,BPSK,2,0,0.000000,0,0,0,0,256qam,0,6,0,0,2,0,1
1727547792.127906,337,2,22992,C-RNTI,1_1,0,A,3,11,275,0,1,1.000000,2,0,0,BPSK,3,0,0.000000,0,0,0,0,256qam,0,14,0,0,2,0,1
1727547792.254824,349,1,22992,C-RNTI,1_1,0,A,3,11,275,0,1,1.000000,2,0,0,BPSK,0,0,0.000000,0,1,0,0,256qam,0,3,0,0,2,0,1
1727547792.662969,389,4,18426,C-RNTI,0_1,2,A,0,14,61,15,1,1.000000,1,0,0,QPSK,0,552,0.117188,0,1,2340,4680,256qam,0,0,3,1,0,0,1
1727547792.690842,392,4,22992,C-RNTI,1_1,0,A,3,11,275,0,1,1.000000,2,0,0,BPSK,3,0,0.000000,0,0,0,0,256qam,0,3,0,0,2,0,1
1727547792.894208,411,7,22992,C-RNTI,1_1,0,A,3,11,16,16,1,1.000000,2,0,0,QPSK,0,928,0.117188,0,1,3840,7680,256qam,0,3,0,0,2,0,1
1727547792.980143,420,4,22992,C-RNTI,1_1,0,A,3,11,275,0,1,1.000000,2,0,0,BPSK,0,0,0.000000,0,1,0,0,256qam,0,8,0,0,2,0,1
1727547793.113309,436,1,22992,C-RNTI,1_1,0,A,3,11,0,16,1,1.000000,2,0,0,QPSK,1,1480,0.188477,0,0,3840,7680,256qam,0,3,0,0,2,0,1
1727547793.245601,449,5,22992,C-RNTI,1_1,0,A,3,11,0,16,1,1.000000,2,0,0,QPSK,3,3368,0.438477,0,1,3840,7680,256qam,0,9,0,0,2,0,1
1727547794.107398,534,5,22992,C-RNTI,1_1,0,A,3,11,16,16,1,1.000000,2,0,0,QPSK,2,2408,0.300781,0,1,3840,7680,256qam,0,0,0,0,2,0,1
1727547794.734265,598,3,18426,C-RNTI,1_1,0,A,3,11,275,0,1,1.000000,2,0,0,BPSK,0,0,0.000000,0,1,0,0,256qam,0,15,0,0,2,0,1
1727547795.224436,646,1,18426,C-RNTI,1_1,0,A,3,11,32,16,1,1.000000,2,0,0,QPSK,0,928,0.117188,0,1,3840,7680,256qam,0,0,0,0,2,0,1
1727547795.234160,647,1,18426,C-RNTI,1_1,0,A,3,11,275,0,1,1.000000,2,0,0,BPSK,0,0,0.000000,0,0,0,0,256qam,0,1,0,0,2,0,1
1727547798.164767,937,9,22992,C-RNTI,1_1,0,A,3,11,48,16,1,1.000000,2,0,0,QPSK,4,4480,0.587891,0,1,3840,7680,256qam,0,15,0,0,2,0,1
1727547798.481267,971,3,22992,C-RNTI,1_1,0,A,3,11,16,16,1,1.000000,2,0,0,QPSK,4,4480,0.587891,0,1,3840,7680,256qam,0,3,0,0,2,0,1
1727547799.428644,42,0,22992,C-RNTI,1_1,0,A,3,11,16,16,1,1.000000,2,0,0,BPSK,29,0,0.000000,1,0,0,0,256qam,0,8,0,0,2,0,1
1727547799.757900,74,8,22992,C-RNTI,1_1,0,A,3,11,48,16,1,1.000000,2,0,0,QPSK,4,4480,0.587891,0,1,3840,7680,256qam,0,10,0,0,2,0,1
1727547799.918602,89,9,22992,C-RNTI,1_1,0,A,3,11,48,16,1,1.000000,2,0,0,QPSK,4,4480,0.587891,0,1,3840,7680,256qam,0,10,0,0,2,0,1
1727547800.388379,138,7,22992,C-RNTI,1_1,0,A,3,11,0,16,1,1.000000,2,0,0,QPSK,4,4480,0.587891,0,0,3840,7680,256qam,0,12,0,0,2,0,1
1727547801.019189,202,6,22992,C-RNTI,1_1,0,A,3,11,48,16,1,1.000000,2,0,0,QPSK,4,4480,0.587891,0,0,3840,7680,256qam,0,13,0,0,2,0,1
1727547801.038225,203,3,22992,C-RNTI,1_1,0,A,3,11,275,0,1,1.000000,2,0,0,BPSK,4,0,0.000000,0,0,0,0,256qam,0,13,0,0,2,0,1
1727547801.176420,218,8,22992,C-RNTI,1_1,0,A,3,11,48,16,1,1.000000,2,0,0,QPSK,4,4480,0.587891,0,0,3840,7680,256qam,0,13,0,0,2,0,1
1727547801.660023,265,9,22992,C-RNTI,1_1,0,A,3,11,275,0,1,1.000000,2,0,0,BPSK,4,0,0.000000,0,1,0,0,256qam,0,15,0,0,2,0,1
1727547801.663994,266,6,22992,C-RNTI,1_1,0,A,3,11,0,16,1,1.000000,2,0,0,QPSK,4,4480,0.587891,0,1,3840,7680,256qam,0,15,0,0,2,0,1
1727547801.981108,297,9,22992,C-RNTI,1_1,0,A,3,11,16,16,1,1.000000,2,0,0,QPSK,4,4480,0.587891,0,1,3840,7680,256qam,0,15,0,0,2,0,1
1727547802.312579,329,9,22992,C-RNTI,1_1,0,A,3,11,275,0,1,1.000000,2,0,0,BPSK,4,0,0.000000,0,0,0,0,256qam,0,0,0,0,2,0,1
1727547802.608649,361,9,22992,C-RNTI,1_1,0,A,3,11,48,16,1,1.000000,2,0,0,QPSK,0,928,0.117188,0,1,3840,7680,256qam,0,1,0,0,2,0,1
1727547802.795652,377,9,22992,C-RNTI,1_1,0,A,3,11,16,16,1,1.000000,2,0,0,QPSK,0,928,0.117188,0,0,3840,7680,256qam,0,2,0,0,2,0,1
1727547803.107052,409,9,22992,C-RNTI,1_1,0,A,3,11,275,0,1,1.000000,2,0,0,BPSK,0,0,0.000000,0,1,0,0,256qam,0,8,0,0,2,0,1
1727547805.035933,604,5,26228,C-RNTI,1_1,0,A,3,11,32,16,1,1.000000,2,0,0,QPSK,0,928,0.117188,0,0,3840,7680,256qam,0,15,0,0,2,2,1
1727547806.242229,723,8,18896,C-RNTI,0_1,2,A,0,14,44,10,1,1.000000,1,0,0,QPSK,4,1864,0.587891,0,1,1560,3120,256qam,0,1,3,1,0,0,1
1727547806.417651,741,8,18896,C-RNTI,1_1,0,A,3,11,16,48,1,1.000000,2,0,0,16QAM,10,29704,0.642578,0,1,11520,46080,256qam,0,12,0,0,2,0,1
1727547806.447015,747,2,18896,C-RNTI,1_1,0,A,3,11,0,48,1,1.000000,2,0,0,16QAM,8,25104,0.540039,0,1,11520,46080,256qam,0,4,0,0,2,0,1
1727547806.477137,749,9,18896,C-RNTI,1_1,0,A,3,11,0,64,1,1.000000,2,0,0,16QAM,7,29192,0.478516,0,0,15360,61440,256qam,0,10,0,0,2,0,1
1727547806.501093,752,4,18896,C-RNTI,1_1,0,A,3,11,0,79,1,1.000000,2,0,0,16QAM,7,35856,0.478516,0,0,18960,75840,256qam,0,15,0,0,2,0,1
1727547806.555512,757,4,18896,C-RNTI,1_1,0,A,3,11,0,64,1,1.000000,2,0,0,BPSK,29,0,0.000000,2,1,0,0,256qam,0,6,0,0,2,0,1
1727547806.556580,757,8,18896,C-RNTI,1_1,0,A,3,11,0,79,1,1.000000,2,0,0,BPSK,29,0,0.000000,2,1,0,0,256qam,0,7,0,0,2,0,1
1727547806.580135,758,0,18896,C-RNTI,1_1,0,A,3,11,32,32,1,1.000000,2,0,0,BPSK,29,0,0.000000,2,1,0,0,256qam,0,8,0,0,2,0,1
1727547806.591784,761,5,18896,C-RNTI,1_1,0,A,3,11,0,79,1,1.000000,2,0,0,BPSK,29,0,0.000000,2,1,0,0,256qam,0,13,0,0,2,0,1
1727547806.607259,759,8,18896,C-RNTI,1_1,0,A,3,11,0,48,1,1.000000,2,0,0,16QAM,6,19464,0.423828,0,1,11520,46080,256qam,0,9,0,0,2,0,1
1727547806.634094,764,0,18896,C-RNTI,1_1,0,A,3,11,275,0,2,1.412538,2,0,0,BPSK,0,0,0.000000,0,1,0,0,256qam,0,0,0,0,2,0,1
1727547806.672012,767,8,18896,C-RNTI,1_1,0,A,3,11,0,79,1,1.000000,2,0,0,QPSK,4,22032,0.587891,0,0,18960,37920,256qam,0,12,0,0,2,0,1
1727547806.691224,767,7,18896,C-RNTI,1_1,0,A,3,11,0,79,1,1.000000,2,0,0,QPSK,4,22032,0.587891,0,0,18960,37920,256qam,0,11,0,0,2,0,1
1727547806.696352,770,5,18896,C-RNTI,1_1,0,A,3,11,0,79,1,1.000000,2,0,0,QPSK,4,22032,0.587891,0,0,18960,37920,256qam,0,15,0,0,2,0,1
1727547806.700283,770,6,18896,C-RNTI,1_1,0,A,3,11,0,32,1,1.000000,2,0,0,16QAM,5,11272,0.369141,0,0,7680,30720,256qam,0,0,0,0,2,0,1
1727547806.754768,775,0,18896,C-RNTI,1_1,0,A,3,11,48,16,1,1.000000,2,0,0,QPSK,2,2408,0.300781,0,0,3840,7680,256qam,0,3,0,0,2,0,1
1727547807.136807,813,2,18896,C-RNTI,1_1,0,A,3,11,16,16,1,1.000000,2,0,0,QPSK,0,928,0.117188,0,1,3840,7680,256qam,0,12,0,0,2,0,1
1727547807.399174,837,9,19484,C-RNTI,1_1,0,A,3,11,275,0,1,1.000000,2,0,0,BPSK,0,0,0.000000,0,1,0,0,256qam,0,10,0,0,2,2,1
1727547807.448586,843,2,19484,C-RNTI,1_1,0,A,3,11,48,16,1,1.000000,2,0,0,BPSK,28,0,0.000000,2,1,0,0,256qam,0,13,0,0,2,2,1
1727547807.449474,844,0,19484,C-RNTI,1_1,0,A,3,11,16,32,1,1.000000,2,0,0,QPSK,2,4608,0.300781,0,1,7680,15360,256qam,0,14,0,0,2,2,1
1727547807.594387,858,6,26228,C-RNTI,1_1,0,A,3,11,48,16,1,1.000000,2,0,0,QPSK,1,1480,0.188477,0,1,3840,7680,256qam,0,7,0,0,2,2,1
1727547807.708430,871,8,19484,C-RNTI,1_1,0,A,3,11,0,79,2,1.412538,2,0,0,QPSK,3,14856,0.438477,0,1,17064,34128,256qam,0,0,0,0,2,2,1
1727547807.718771,872,6,19484,C-RNTI,1_1,0,A,3,11,0,79,1,1.000000,2,0,0,BPSK,28,0,0.000000,2,1,0,0,256qam,0,0,0,0,2,2,1
1727547807.924702,888,3,19484,C-RNTI,1_1,0,A,3,11,32,32,1,1.000000,2,0,0,BPSK,28,0,0.000000,2,0,0,0,256qam,0,15,0,0,2,2,1
